FrameNo,pose_confidence,head_x,head_y,head_confidence,left_shoulder_x,left_shoulder_y,left_shoulder_confidence,right_shoulder_x,right_shoulder_y,right_shoulder_confidence,left_elbow_x,left_elbow_y,left_elbow_confidence,right_elbow_x,right_elbow_y,right_elbow_confidence,left_hand_x,left_hand_y,left_hand_confidence,right_hand_x,right_hand_y,right_hand_confidence,left_hip_x,left_hip_y,left_hip_confidence,right_hip_x,right_hip_y,right_hip_confidence,left_knee_x,left_knee_y,left_knee_confidence,right_knee_x,right_knee_y,right_knee_confidence,left_foot_x,left_foot_y,left_foot_confidence,right_foot_x,right_foot_y,right_foot_confidence
0,0.5243289828300476,1012,340,0.68255615234375,1071,382,0.5047684907913208,944,386,0.5835809111595154,1112,440,0.2482679784297943,905,440,0.4244392514228821,1108,490,0.5323449373245239,893,482,0.46159470081329346,1044,518,0.5540313720703125,956,515,0.4775150716304779,1054,620,0.6829001307487488,956,619,0.5010803937911987,1052,709,0.409489244222641,945,710,0.2994154691696167
1,0.5149081945419312,1012,339,0.6745530962944031,1072,382,0.5001436471939087,943,386,0.5839507579803467,1116,444,0.4179425537586212,902,441,0.4369214177131653,1094,487,0.48068466782569885,889,481,0.4508349895477295,1043,517,0.5385743975639343,952,515,0.4318429231643677,1046,619,0.6299943327903748,968,616,0.5358361601829529,1048,711,0.39428457617759705,939,711,0.32218116521835327
2,0.5188783645629883,1011,339,0.6512125730514526,1084,383,0.46503037214279175,943,385,0.5442849397659302,1116,443,0.39755722880363464,904,439,0.4559219479560852,1098,485,0.43632742762565613,887,480,0.45132601261138916,1047,520,0.5643517971038818,953,516,0.4912808835506439,1050,616,0.6313296556472778,967,614,0.5336766242980957,1052,707,0.43247565627098083,946,713,0.3797087073326111
3,0.5147389650344849,1011,339,0.648647129535675,1081,383,0.45501670241355896,942,385,0.5408152341842651,1113,441,0.41322949528694153,902,439,0.4482933282852173,1102,487,0.4764498472213745,887,477,0.42157259583473206,1043,520,0.5649800300598145,950,517,0.4750121533870697,1049,617,0.6383306980133057,964,614,0.5563981533050537,1052,710,0.46328550577163696,946,717,0.37511613965034485
4,0.49872126579284665,1010,338,0.610604465007782,1083,383,0.46344637870788574,943,385,0.5188845992088318,1116,443,0.38939839601516724,898,439,0.4328809380531311,1103,486,0.47390395402908325,882,466,0.319892942905426,1046,517,0.5606408715248108,953,514,0.4391467869281769,1051,617,0.6569409966468811,950,617,0.4834139943122864,1056,710,0.4586079716682434,942,712,0.2713201642036438
5,0.5197299122810364,1009,338,0.6069698929786682,1081,381,0.48606500029563904,952,385,0.4919801354408264,1116,440,0.4074483811855316,900,439,0.43647247552871704,1083,483,0.47261303663253784,884,477,0.4380149245262146,1044,520,0.5811263918876648,952,517,0.5002903938293457,1048,615,0.6379310488700867,966,612,0.5583608746528625,1056,708,0.4597598910331726,947,714,0.4036644995212555
6,0.5170985877513885,1008,337,0.5562149882316589,1081,381,0.4915674328804016,942,385,0.514289140701294,1121,439,0.39534664154052734,897,439,0.4300318658351898,1082,479,0.42864495515823364,879,466,0.3177507221698761,1046,519,0.5699537992477417,954,516,0.49399611353874207,1052,614,0.6275445222854614,966,609,0.5458227396011353,1060,709,0.45585086941719055,948,714,0.38516849279403687
7,0.5224039018154144,1008,337,0.5648856163024902,1081,382,0.45932066440582275,943,386,0.5293920636177063,1120,441,0.4019506871700287,894,440,0.44714251160621643,1102,488,0.4621923565864563,877,476,0.4263168275356293,1045,519,0.5834771394729614,953,516,0.5061485171318054,1048,614,0.6213785409927368,965,608,0.5714580416679382,1061,709,0.4812191426753998,946,714,0.3900294899940491
8,0.5187254488468169,1009,336,0.5425639152526855,1081,382,0.4469335675239563,944,386,0.5338451862335205,1122,441,0.403430312871933,897,442,0.4646220803260803,1116,489,0.5327022075653076,879,479,0.4353637397289276,1046,520,0.5764811038970947,955,517,0.5098026990890503,1052,613,0.6162265539169312,951,613,0.46651044487953186,1062,708,0.4825569987297058,949,713,0.38150301575660706
9,0.5225645422935485,1009,336,0.5601018667221069,1071,378,0.44998422265052795,941,386,0.5568276643753052,1118,437,0.4250759780406952,897,443,0.46071961522102356,1127,493,0.5440024733543396,880,484,0.46343544125556946,1041,518,0.5827873945236206,950,517,0.4786408245563507,1046,611,0.6083012223243713,962,611,0.6293621063232422,1059,706,0.4779791831970215,945,712,0.4052198529243469
10,0.5145775973796844,1009,336,0.5685835480690002,1071,380,0.47488126158714294,940,385,0.564777672290802,1121,438,0.4201360046863556,893,442,0.4653237462043762,1115,493,0.39921700954437256,873,484,0.4830641448497772,1040,517,0.5506192445755005,949,518,0.45281344652175903,1037,611,0.5619141459465027,958,613,0.651472806930542,1056,708,0.47902244329452515,938,713,0.39075344800949097
11,0.5166525840759277,1009,338,0.5959447622299194,1072,381,0.5053369998931885,940,384,0.5765472054481506,1121,439,0.4418875575065613,889,439,0.44085633754730225,1122,494,0.4994155168533325,876,480,0.4266136884689331,1040,517,0.5672813653945923,949,515,0.4150673747062683,1037,615,0.6125890612602234,962,614,0.627747118473053,1057,708,0.475251704454422,934,708,0.2636319100856781
12,0.5400891423225402,1011,339,0.6490223407745361,1078,384,0.5300626754760742,944,387,0.6248380541801453,1127,443,0.3631637394428253,897,444,0.4204542338848114,1151,500,0.6501502990722656,870,488,0.5180776119232178,1042,514,0.522648274898529,954,517,0.5028685927391052,1045,620,0.6141881942749023,966,615,0.6026016473770142,1058,711,0.46787571907043457,943,709,0.2757696211338043
13,0.5429823100566864,1013,339,0.6421022415161133,1077,386,0.5342392325401306,944,388,0.6294000744819641,1134,440,0.38351988792419434,891,442,0.41561514139175415,1161,496,0.6435655951499939,872,490,0.5375947952270508,1048,517,0.5491542816162109,954,516,0.48626503348350525,1041,614,0.5665810704231262,949,613,0.5029606223106384,1057,708,0.4522087872028351,949,711,0.37850335240364075
14,0.5441052675247192,1009,339,0.6459984183311462,1072,384,0.5161413550376892,948,387,0.6100125908851624,1133,439,0.4527471363544464,896,437,0.3826974630355835,1184,494,0.5640909075737,867,489,0.4870466887950897,1047,513,0.585188090801239,954,513,0.5039722919464111,1035,613,0.532691478729248,953,613,0.5390318036079407,1056,708,0.4633695185184479,951,712,0.3803463280200958
15,0.5358827412128448,1006,342,0.6751402616500854,1065,381,0.47610384225845337,952,388,0.6224008798599243,1129,430,0.46491119265556335,883,431,0.3503212034702301,1201,464,0.5991262197494507,818,471,0.6285459399223328,1046,504,0.6030375957489014,952,504,0.46575042605400085,1032,607,0.4951942563056946,968,602,0.5418045520782471,1056,706,0.45808643102645874,952,708,0.38526400923728943
16,0.5422980666160584,1008,345,0.7009337544441223,1064,384,0.5002216100692749,955,391,0.6100776195526123,1134,428,0.3810731768608093,878,432,0.37353283166885376,1204,444,0.5467541217803955,795,457,0.6104387640953064,1042,506,0.616534948348999,953,506,0.5025250911712646,1020,607,0.44185465574264526,964,601,0.5430005192756653,1053,707,0.4597114622592926,946,709,0.3946418762207031
17,0.5059231728315353,1006,343,0.6726294159889221,1063,377,0.3981131911277771,949,386,0.5471339225769043,1147,411,0.3811776638031006,865,417,0.3845958411693573,1232,416,0.5198416113853455,773,421,0.4448443651199341,1036,508,0.582990825176239,948,509,0.5107966065406799,1011,613,0.42170244455337524,960,607,0.6392518877983093,1048,708,0.486719012260437,941,711,0.4515751004219055
18,0.5372106313705444,1007,342,0.6534135341644287,1087,380,0.5914979577064514,940,385,0.5612140893936157,1159,393,0.36493438482284546,824,404,0.37416303157806396,1257,383,0.5557953715324402,742,393,0.43616750836372375,1026,511,0.4762492775917053,950,513,0.5379875898361206,1027,616,0.6160989999771118,955,613,0.6959486603736877,1041,712,0.42367610335350037,938,718,0.43240365386009216
19,0.5238735377788544,1007,339,0.5616661310195923,1091,380,0.5563074946403503,936,382,0.5002065896987915,1185,384,0.4351015090942383,816,391,0.42603614926338196,1270,359,0.4832210838794708,746,367,0.5953947901725769,1023,516,0.4187743365764618,947,518,0.6188300251960754,1031,617,0.6413351893424988,953,618,0.7186614871025085,1041,713,0.39739397168159485,938,720,0.41858968138694763
20,0.527991908788681,1011,340,0.5225834846496582,1079,381,0.5292322635650635,939,384,0.4542813301086426,1196,373,0.47487926483154297,816,379,0.4445105493068695,1276,336,0.578406035900116,740,338,0.7058193683624268,1024,517,0.47743669152259827,947,520,0.6276291012763977,1041,617,0.5994933843612671,957,617,0.7045620679855347,1047,716,0.4558776915073395,942,720,0.4653509259223938
21,0.5399519503116608,1015,338,0.5161815285682678,1074,375,0.5831894278526306,936,378,0.4747486710548401,1193,362,0.3450540006160736,813,361,0.4328787922859192,1271,314,0.4872005879878998,729,313,0.6888238787651062,1027,516,0.4731637239456177,947,519,0.6333024501800537,1029,619,0.6387156844139099,961,620,0.6852259039878845,1042,710,0.4793069064617157,942,714,0.48958244919776917
22,0.5786349177360535,1012,345,0.6231212019920349,1068,374,0.558818519115448,928,379,0.5192227363586426,1190,359,0.4689983129501343,816,359,0.4949895739555359,1266,296,0.6645246148109436,747,308,0.6460437774658203,1032,519,0.6282342076301575,942,520,0.6391711235046387,1012,619,0.6182413697242737,945,620,0.6682926416397095,1040,709,0.48981308937072754,935,714,0.5225204825401306
23,0.6219069004058837,1016,340,0.5711594820022583,1070,379,0.5563293099403381,936,380,0.5475269556045532,1193,349,0.5471369028091431,827,351,0.5255428552627563,1260,282,0.7836141586303711,765,296,0.6481744647026062,1035,521,0.6975323557853699,943,522,0.7172817587852478,1010,617,0.6196959018707275,941,616,0.6893438696861267,1036,711,0.4635153114795685,936,715,0.5487199425697327
24,0.4952805697917938,1014,335,0.48826664686203003,1069,379,0.47913700342178345,935,380,0.3947770893573761,1175,346,0.4767921566963196,827,342,0.5036230087280273,1247,274,0.6616955995559692,756,269,0.6420188546180725,1026,517,0.4337533712387085,946,521,0.6162360310554504,1028,617,0.6327239274978638,940,617,0.6904491186141968,1039,711,0.4311206340789795,941,718,0.44570082426071167
25,0.5433653116226196,1013,331,0.43511927127838135,1087,377,0.5776153206825256,938,375,0.38263341784477234,1173,331,0.46868088841438293,839,339,0.5672881603240967,1233,272,0.7196993231773376,755,264,0.695331335067749,1027,518,0.4980178475379944,948,521,0.6778116226196289,1030,618,0.696911096572876,944,619,0.728516161441803,1038,710,0.4835689067840576,945,716,0.4778344929218292
26,0.5899241209030152,1010,324,0.3885681629180908,1084,372,0.6121644377708435,933,371,0.5996789932250977,1170,326,0.5092730522155762,849,318,0.45603254437446594,1224,255,0.7553136944770813,767,253,0.6379175186157227,1028,516,0.5197197794914246,944,517,0.6589929461479187,1031,621,0.7084629535675049,947,619,0.7311671376228333,1039,713,0.5008947849273682,949,717,0.47922641038894653
27,0.5660928845405578,1005,326,0.5301483869552612,1082,368,0.5907437801361084,932,370,0.598526656627655,1170,317,0.4528747498989105,853,320,0.48232099413871765,1217,247,0.65534508228302,774,251,0.40500393509864807,1031,513,0.46494436264038086,948,513,0.6021944284439087,1037,619,0.6951231360435486,943,615,0.73021000623703,1041,710,0.5462201237678528,947,714,0.5231457948684692
28,0.5421206891536713,1006,325,0.3702591061592102,1075,372,0.5859302878379822,937,374,0.5559598803520203,1158,311,0.4224861264228821,864,313,0.3806106448173523,1204,238,0.47916609048843384,800,242,0.38604995608329773,1029,514,0.4530480206012726,948,514,0.5983744859695435,1031,619,0.7213612198829651,941,617,0.7228923439979553,1038,709,0.5163114070892334,944,712,0.5026205778121948
29,0.5779622554779053,1004,325,0.5130199790000916,1077,372,0.5875436663627625,936,372,0.5819463729858398,1156,315,0.48511257767677307,863,307,0.39185094833374023,1201,247,0.5073869824409485,816,250,0.4681564271450043,1026,519,0.5018407106399536,946,518,0.6703791618347168,1028,623,0.7101880311965942,941,620,0.7136062979698181,1036,711,0.5034946203231812,945,713,0.5109713077545166
30,0.5653075098991394,999,322,0.4656220078468323,1075,364,0.5944771766662598,936,367,0.590636134147644,1156,303,0.5093148946762085,861,279,0.3262947201728821,1185,228,0.35118457674980164,843,227,0.2191840410232544,1027,516,0.4851878583431244,947,515,0.6416224241256714,1026,621,0.7227197289466858,941,616,0.7200059294700623,1023,708,0.5110664963722229,944,707,0.502723217010498
31,0.5565235614776611,1001,317,0.4311150014400482,1073,361,0.6057886481285095,935,363,0.5578390955924988,1150,287,0.459520548582077,867,268,0.3515532910823822,1174,221,0.2595951557159424,864,224,0.17438486218452454,1025,516,0.4876466691493988,939,515,0.6555306315422058,1024,619,0.6865156888961792,942,619,0.7064623236656189,1024,711,0.49440649151802063,945,715,0.483664870262146
32,0.5514043986797332,999,318,0.4413698613643646,1077,359,0.5859968066215515,936,359,0.5366570353507996,1148,286,0.438808798789978,869,268,0.3704453408718109,1153,232,0.21135056018829346,875,223,0.17719389498233795,1030,515,0.5381214022636414,943,515,0.6490467190742493,1028,620,0.6747297048568726,940,616,0.58098304271698,1028,710,0.4960220158100128,948,713,0.47507214546203613
33,0.5479299426078796,1000,318,0.4487325847148895,1078,357,0.5682137608528137,935,359,0.5310004353523254,1144,277,0.552557110786438,868,260,0.4078119099140167,1157,220,0.3049032986164093,881,235,0.16460686922073364,1032,514,0.5288175344467163,944,513,0.6346872448921204,1028,619,0.6825454235076904,947,617,0.7028762102127075,1027,710,0.48610079288482666,948,712,0.4760398864746094
34,0.535113799571991,998,321,0.4362230598926544,1072,360,0.5993690490722656,934,363,0.5349627733230591,1137,275,0.5295433402061462,874,256,0.39551278948783875,1146,215,0.2930011451244354,878,219,0.19238559901714325,1027,513,0.46159234642982483,939,512,0.6013878583908081,1022,621,0.6746657490730286,943,617,0.565850555896759,1026,711,0.4879583418369293,949,713,0.473643034696579
35,0.5875827312469482,1002,322,0.4805428981781006,1075,358,0.5712850689888,942,364,0.5558171272277832,1133,277,0.5028992295265198,876,261,0.4417092204093933,1135,215,0.2933581471443176,874,221,0.3166508078575134,1030,510,0.6118049621582031,952,511,0.69728684425354,1032,618,0.6643117666244507,956,616,0.685213029384613,1043,710,0.5220522284507751,953,713,0.4707929790019989
36,0.5741284072399139,1001,322,0.4819684326648712,1075,362,0.5844974517822266,939,368,0.5741835236549377,1128,273,0.4266586899757385,886,261,0.3603440225124359,1133,210,0.29123637080192566,887,224,0.2353305220603943,1025,509,0.5658987164497375,947,510,0.679479718208313,1026,618,0.6335037350654602,952,619,0.6811062693595886,1048,706,0.4259626269340515,950,710,0.41555166244506836
37,0.5738432049751281,1005,321,0.5464544892311096,1077,363,0.5789491534233093,948,370,0.5899421572685242,1125,280,0.4763190448284149,909,280,0.22613058984279633,1129,216,0.31149011850357056,888,225,0.28455644845962524,1030,510,0.5848039984703064,950,512,0.6540786027908325,1026,620,0.6292343735694885,957,621,0.6561325192451477,1046,708,0.48802369832992554,953,711,0.3983978033065796
38,0.5819018244743347,1005,323,0.5394558310508728,1078,363,0.5924196243286133,946,368,0.5860172510147095,1124,282,0.4454113841056824,907,278,0.2626398801803589,1131,214,0.34103599190711975,884,223,0.3078685402870178,1035,511,0.6196238994598389,951,513,0.6427171230316162,1035,618,0.6157035231590271,958,621,0.6545516848564148,1049,706,0.5015391111373901,951,708,0.396198034286499
39,0.572992318868637,1005,323,0.5349237322807312,1078,363,0.5956949591636658,946,369,0.5802503228187561,1114,284,0.4008229374885559,910,277,0.22682727873325348,1131,215,0.3483302593231201,883,222,0.29598087072372437,1030,511,0.5858617424964905,948,513,0.6411405205726624,1026,619,0.61573326587677,955,621,0.6490201950073242,1046,704,0.48443925380706787,946,702,0.3909718692302704
40,0.5827859759330749,1006,324,0.5364279747009277,1079,364,0.5963628888130188,948,369,0.5869042277336121,1114,285,0.40015268325805664,910,278,0.23083020746707916,1132,217,0.36161133646965027,881,222,0.3617420494556427,1033,510,0.6063308119773865,951,513,0.6511155962944031,1028,617,0.6331307888031006,954,619,0.663603663444519,1047,704,0.501783013343811,947,703,0.3931431770324707
41,0.5360707372426986,1004,325,0.5150902271270752,1078,364,0.591464102268219,945,369,0.5905596017837524,1114,286,0.4007083773612976,907,279,0.24811717867851257,1130,217,0.315863698720932,878,220,0.37522587180137634,1035,510,0.45567601919174194,943,514,0.5727636218070984,1031,618,0.6036334037780762,951,621,0.6361173987388611,1049,705,0.4848962724208832,945,705,0.3987768590450287
42,0.5477893114089966,1005,326,0.5227609872817993,1079,365,0.5904019474983215,945,369,0.5981743335723877,1127,286,0.36757761240005493,912,281,0.23978488147258759,1129,219,0.33974942564964294,877,221,0.43714967370033264,1037,511,0.4973318576812744,944,515,0.5941217541694641,1021,620,0.4824178218841553,948,621,0.63568514585495,1051,702,0.46735304594039917,944,705,0.40035682916641235
43,0.5819079160690307,1006,326,0.5219906568527222,1079,364,0.5884398221969604,947,370,0.5898931622505188,1128,283,0.38003629446029663,924,301,0.18408150970935822,1129,220,0.3496131896972656,876,223,0.4696197509765625,1038,512,0.6329205632209778,950,515,0.6368159055709839,1021,619,0.5162376165390015,945,619,0.6406853795051575,1050,704,0.47476744651794434,944,708,0.413519948720932
44,0.5721171081066131,1006,326,0.5096235275268555,1078,365,0.5929906368255615,947,371,0.5887941718101501,1128,284,0.390492707490921,925,304,0.18110054731369019,1133,220,0.3936246633529663,877,224,0.4450138807296753,1040,512,0.6516716480255127,947,513,0.5638759732246399,1024,619,0.5271602272987366,954,620,0.6224413514137268,1052,702,0.4724045991897583,946,707,0.4067499041557312
45,0.5743100643157959,1005,326,0.4979208707809448,1078,364,0.5913169384002686,945,370,0.5878962874412537,1130,282,0.3609369695186615,923,302,0.1674196422100067,1134,218,0.37823978066444397,878,224,0.41063570976257324,1040,512,0.6559786200523376,947,514,0.5801478028297424,1027,620,0.5569427013397217,955,621,0.6269314885139465,1052,706,0.4798491299152374,949,710,0.40666162967681885
46,0.556605640053749,1005,326,0.5060775279998779,1078,365,0.5994008183479309,944,371,0.584967851638794,1128,282,0.3703916370868683,921,304,0.18682609498500824,1132,229,0.2715983986854553,875,225,0.46970584988594055,1041,512,0.5351763963699341,947,516,0.6152514219284058,1033,621,0.48816344141960144,953,625,0.5759017467498779,1053,707,0.46533140540122986,952,712,0.39940330386161804
47,0.5791994035243988,1003,324,0.4882175028324127,1077,364,0.5984659194946289,942,370,0.5863201022148132,1122,282,0.46538037061691284,921,302,0.16500882804393768,1133,228,0.2639652192592621,876,224,0.4252229928970337,1043,513,0.6731328964233398,949,513,0.5803665518760681,1031,621,0.6115425825119019,962,621,0.5907949209213257,1053,707,0.48671385645866394,953,712,0.413825660943985
48,0.5428558260202407,1003,322,0.47211456298828125,1077,361,0.6281287670135498,933,365,0.5454291105270386,1123,275,0.3602944612503052,876,260,0.4442247152328491,1131,213,0.2701064944267273,876,221,0.3765637278556824,1038,510,0.4912092983722687,942,513,0.5919854044914246,1030,621,0.5124498009681702,953,624,0.5920539498329163,1054,712,0.47609689831733704,945,713,0.3725431561470032
49,0.5465446829795837,1001,323,0.4644424021244049,1076,362,0.616818904876709,935,366,0.559529721736908,1124,276,0.4017277657985687,902,280,0.22446542978286743,1134,217,0.24563199281692505,877,224,0.33015114068984985,1040,510,0.5180338621139526,945,514,0.6007745265960693,1035,621,0.534210741519928,946,627,0.5690187215805054,1053,715,0.4599766135215759,949,716,0.3569222688674927
50,0.5461801230907439,1001,322,0.4588732123374939,1078,361,0.6101006269454956,935,364,0.5499862432479858,1124,276,0.4057115316390991,901,280,0.22768333554267883,1131,218,0.22871319949626923,877,224,0.3185918629169464,1041,511,0.5399433374404907,945,514,0.603218674659729,1038,622,0.5517373085021973,944,628,0.5946906208992004,1054,714,0.45910996198654175,948,716,0.3476587235927582
51,0.5595338314771652,1001,323,0.4587947726249695,1076,362,0.6153812408447266,934,366,0.5580938458442688,1122,278,0.4099139869213104,901,280,0.22433237731456757,1129,220,0.21337492763996124,878,225,0.333049476146698,1040,513,0.5571388006210327,945,516,0.6290386319160461,1038,623,0.5684313178062439,945,630,0.5907837152481079,1054,717,0.4601946175098419,949,717,0.3509022295475006
52,0.5580840945243835,1001,323,0.4671527147293091,1076,363,0.6195604205131531,934,367,0.5627208948135376,1120,281,0.4213678240776062,916,308,0.20512498915195465,1129,219,0.21508915722370148,880,225,0.302371084690094,1043,512,0.5579068660736084,947,515,0.6207820773124695,1037,619,0.49733859300613403,941,629,0.5771793723106384,1051,714,0.46645286679267883,946,715,0.35064274072647095
53,0.5484997898340225,1002,323,0.45715978741645813,1077,363,0.6059988737106323,933,366,0.5486318469047546,1119,278,0.36346590518951416,904,281,0.2334080934524536,1129,219,0.1822076141834259,877,223,0.2993659973144531,1037,513,0.5450082421302795,940,516,0.6287516355514526,1018,624,0.42647576332092285,938,633,0.6161549091339111,1044,714,0.4058634042739868,939,714,0.33078086376190186
54,0.5447425007820129,1002,323,0.4669932425022125,1076,362,0.5979793071746826,934,365,0.543152928352356,1120,280,0.3392300009727478,915,308,0.21496210992336273,1126,219,0.17163650691509247,874,223,0.32779279351234436,1039,512,0.5476071238517761,944,515,0.6136894226074219,1025,622,0.45452290773391724,943,630,0.6199498772621155,1047,713,0.4342513680458069,941,714,0.35144761204719543
55,0.5371622949838638,1003,325,0.47753024101257324,1076,362,0.5796802639961243,934,366,0.5473662614822388,1113,286,0.30901503562927246,913,311,0.23252321779727936,1120,236,0.15131013095378876,872,223,0.34521737694740295,1036,512,0.5198079347610474,942,514,0.6111200451850891,1032,620,0.5880843997001648,939,628,0.583881676197052,1043,713,0.42391905188560486,944,718,0.376669704914093
56,0.5388986974954605,1002,323,0.46668606996536255,1077,361,0.5734927654266357,932,365,0.5385820865631104,1120,281,0.3917009234428406,916,310,0.2124873399734497,1127,235,0.17173774540424347,872,222,0.31089240312576294,1036,513,0.5405829548835754,939,515,0.6284180283546448,1016,623,0.4096065163612366,939,629,0.5966882109642029,1043,713,0.41800907254219055,946,717,0.36100220680236816
57,0.5534093677997589,1003,322,0.5033930540084839,1077,359,0.5510171055793762,936,364,0.5560929775238037,1115,287,0.34406304359436035,913,311,0.2513578236103058,1133,236,0.22225980460643768,871,223,0.3539639413356781,1038,513,0.6557477116584778,946,511,0.5603387951850891,1036,615,0.5879883170127869,946,618,0.6333860158920288,1037,711,0.44839757680892944,944,717,0.4241813123226166
58,0.577466058731079,1003,323,0.5196675658226013,1075,359,0.5550945401191711,938,365,0.5677602887153625,1115,290,0.36708107590675354,915,312,0.27554792165756226,1133,237,0.22881726920604706,870,223,0.3561164140701294,1037,512,0.6546681523323059,952,512,0.6573294997215271,1035,616,0.6200626492500305,950,618,0.6617380976676941,1035,712,0.4570227563381195,943,718,0.43137210607528687
59,0.525115692615509,1003,322,0.5422233939170837,1075,359,0.5502564311027527,938,366,0.5704854130744934,1127,290,0.3483412265777588,913,314,0.29400917887687683,1133,237,0.22946128249168396,870,223,0.36417460441589355,1043,509,0.5003229975700378,946,512,0.5466965436935425,1035,614,0.6250717043876648,960,616,0.6496540307998657,1047,714,0.4584978222846985,950,720,0.39545974135398865
60,0.5151851534843445,999,322,0.48912277817726135,1072,360,0.5706499218940735,932,367,0.5263311862945557,1124,284,0.458970308303833,922,314,0.1608159989118576,1134,232,0.25056037306785583,874,226,0.27689385414123535,1040,510,0.5119560360908508,954,511,0.5166112184524536,1040,619,0.6384738087654114,961,618,0.6533821821212769,1044,710,0.389441579580307,950,717,0.394685298204422
61,0.5553589642047881,998,323,0.48356059193611145,1071,361,0.5780271887779236,932,367,0.5524212718009949,1128,287,0.4256592094898224,918,310,0.18310952186584473,1136,231,0.25473910570144653,874,223,0.273859441280365,1040,513,0.5744279623031616,951,514,0.6165756583213806,1031,617,0.6284289956092834,957,615,0.6967452168464661,1036,709,0.40663033723831177,942,714,0.4475652277469635
62,0.5623908370733262,1000,322,0.511245608329773,1069,361,0.5744453072547913,934,368,0.5608967542648315,1128,289,0.42405369877815247,917,314,0.18782015144824982,1134,233,0.26903292536735535,877,224,0.25637808442115784,1039,514,0.5867003798484802,952,516,0.6375014781951904,1028,618,0.6217712163925171,958,617,0.7047521471977234,1034,709,0.42914271354675293,944,715,0.44904303550720215
63,0.5790305018424988,1002,322,0.5423810482025146,1065,363,0.5872681140899658,941,370,0.5856401324272156,1128,294,0.4268801212310791,935,339,0.1878184974193573,1126,233,0.2708682119846344,882,237,0.2402622401714325,1039,517,0.6155851483345032,954,519,0.6616185903549194,1045,626,0.713129997253418,962,620,0.5791579484939575,1048,715,0.48302361369132996,953,721,0.4196244776248932
64,0.5653465688228607,1001,323,0.5321975946426392,1067,365,0.602524995803833,939,372,0.5847201943397522,1126,297,0.4896821975708008,929,342,0.21847206354141235,1131,232,0.28955116868019104,885,240,0.1962510496377945,1044,518,0.649715781211853,946,519,0.532281219959259,1051,624,0.711670994758606,967,620,0.549487292766571,1052,714,0.49776172637939453,958,720,0.415848046541214
65,0.5498739421367645,999,326,0.4945001006126404,1064,366,0.5975051522254944,944,374,0.5749951004981995,1122,306,0.534181535243988,928,340,0.24862901866436005,1132,237,0.3497568666934967,943,288,0.1626289188861847,1041,516,0.606825590133667,947,518,0.49784785509109497,1046,622,0.7194897532463074,968,621,0.619992196559906,1050,715,0.47639089822769165,954,721,0.40660807490348816
66,0.5871331036090851,1001,328,0.4802098274230957,1064,369,0.6072311401367188,944,378,0.5765341520309448,1124,296,0.47315308451652527,934,347,0.1962725967168808,1133,237,0.32442572712898254,948,293,0.11754333227872849,1038,518,0.6338221430778503,953,521,0.666923463344574,1046,624,0.6902215480804443,957,624,0.6729225516319275,1045,714,0.46036314964294434,947,720,0.45580577850341797
67,0.5325834810733795,996,328,0.4421710669994354,1061,371,0.5919342041015625,943,380,0.536331832408905,1122,303,0.49629953503608704,932,344,0.21478407084941864,1131,239,0.33170968294143677,947,293,0.14376221597194672,1038,517,0.6003028154373169,946,519,0.491310179233551,1043,623,0.6785314083099365,966,625,0.61277174949646,1044,714,0.4383890628814697,951,720,0.4205361008644104
68,0.5710617959499359,1007,329,0.478482186794281,1064,371,0.5943562388420105,941,377,0.5627270936965942,1108,308,0.3822186589241028,927,341,0.19349412620067596,1132,236,0.304004967212677,878,239,0.20072685182094574,1033,517,0.6003627777099609,951,519,0.6546782851219177,1042,624,0.6005865931510925,961,627,0.6396961212158203,1040,714,0.4127845764160156,944,720,0.4402867257595062
69,0.5210445255041122,987,336,0.38096916675567627,1056,372,0.5751022100448608,924,378,0.41544973850250244,1111,308,0.35380232334136963,911,340,0.2690623998641968,1132,238,0.3064512014389038,879,259,0.19812636077404022,1042,524,0.6278131604194641,961,526,0.576579749584198,1062,622,0.556793749332428,962,620,0.5624292492866516,1045,713,0.35720667243003845,948,719,0.41796305775642395
70,0.5205350071191788,993,344,0.5610129237174988,1047,376,0.5133349299430847,918,387,0.47325509786605835,1108,329,0.41169053316116333,912,373,0.19141776859760284,1140,260,0.32680991291999817,939,337,0.18999746441841125,1039,527,0.6018549203872681,950,527,0.5982255339622498,1028,623,0.48749759793281555,958,619,0.5268100500106812,1029,711,0.38296785950660706,941,718,0.3890369236469269
71,0.49125431776046746,990,345,0.5408245325088501,1050,380,0.5215021967887878,916,388,0.45067209005355835,1105,337,0.3898369073867798,917,366,0.23161949217319489,1145,275,0.3550979495048523,850,248,0.27166661620140076,1036,521,0.5573525428771973,952,523,0.5218363404273987,1020,617,0.3842919170856476,951,616,0.5952077507972717,1021,712,0.3832624852657318,938,720,0.36586081981658936
72,0.4930595129728317,986,350,0.596034586429596,1045,388,0.5512459874153137,912,399,0.3650329113006592,1104,341,0.37722933292388916,899,366,0.3001888394355774,1134,278,0.36842015385627747,889,314,0.2651121914386749,1026,525,0.5760948061943054,948,527,0.5516541004180908,983,606,0.2841915190219879,937,606,0.5348148941993713,1009,713,0.3950445353984833,923,717,0.34539878368377686
73,0.4909116834402084,985,354,0.48181822896003723,1052,403,0.5797584652900696,912,400,0.3241043984889984,1107,336,0.3581233620643616,903,363,0.26742860674858093,1134,294,0.29316073656082153,835,257,0.5112760066986084,1027,531,0.6096970438957214,941,532,0.5385092496871948,992,607,0.31158944964408875,926,610,0.5247835516929626,1013,715,0.354435533285141,915,720,0.2872195839881897
74,0.43265141546726227,985,356,0.3118050992488861,1051,400,0.5288811326026917,913,409,0.44244998693466187,1110,338,0.326412171125412,901,367,0.2954821288585663,1139,272,0.3311586380004883,874,311,0.2675884962081909,1029,535,0.37909364700317383,954,538,0.42279568314552307,1019,594,0.3191452920436859,935,603,0.4857182204723358,1033,714,0.3512660562992096,924,720,0.3130643665790558
75,0.4483305931091308,993,370,0.5732871294021606,1043,404,0.5574935674667358,925,416,0.5046948194503784,1099,363,0.28499558568000793,902,363,0.27080896496772766,1132,258,0.6045136451721191,864,304,0.28830134868621826,1030,537,0.3902828097343445,954,539,0.3364090323448181,1034,601,0.38467732071876526,942,605,0.50589919090271,1044,712,0.4326910674571991,921,721,0.3257155120372772
76,0.5396360993385314,985,379,0.33535036444664,1047,406,0.605155348777771,918,418,0.5424317717552185,1113,351,0.44279754161834717,905,360,0.26381129026412964,1139,260,0.5805087685585022,832,271,0.5350316762924194,1033,550,0.5899201035499573,958,551,0.48631519079208374,1055,595,0.39374640583992004,947,604,0.51662278175354,1050,710,0.4618985056877136,918,721,0.42283234000205994
77,0.5577946752309799,996,381,0.39542922377586365,1064,416,0.616728663444519,931,426,0.5537944436073303,1113,354,0.40569058060646057,903,364,0.2363632470369339,1137,265,0.6040770411491394,826,280,0.5448367595672607,1038,555,0.628974199295044,961,556,0.5354626774787903,1058,594,0.4175553023815155,950,604,0.4779270589351654,1054,713,0.4811866879463196,919,720,0.4435490071773529
78,0.5481398284435273,993,384,0.42277589440345764,1053,418,0.6427938342094421,919,425,0.5035654306411743,1119,337,0.43797439336776733,878,345,0.3799281418323517,1137,265,0.625430703163147,834,274,0.4301760196685791,1031,555,0.6077741980552673,955,557,0.5047227740287781,1047,589,0.37551283836364746,945,602,0.48098236322402954,1050,715,0.4796912968158722,917,719,0.45503920316696167
79,0.5793409407138824,989,397,0.5167579054832458,1053,422,0.662613034248352,928,427,0.5910453200340271,1105,353,0.3746963441371918,906,373,0.2685502767562866,1138,280,0.6093131899833679,848,304,0.5126999020576477,1034,558,0.6373386383056641,961,559,0.5411590933799744,1035,595,0.43838077783584595,946,604,0.49549174308776855,1042,713,0.46872901916503906,919,717,0.4545105993747711
80,0.5504483580589294,980,407,0.381860613822937,1052,429,0.6479189991950989,912,442,0.5492063164710999,1120,365,0.423237144947052,878,367,0.30436357855796814,1148,293,0.5773866772651672,838,303,0.5849935412406921,1032,568,0.6083592772483826,950,571,0.4939678907394409,1043,607,0.32148051261901855,952,613,0.4893912374973297,1043,712,0.4413547217845917,920,718,0.4318191111087799
81,0.5379857540130615,985,406,0.3539583384990692,1045,434,0.61865234375,918,443,0.5776154398918152,1120,370,0.3529953956604004,876,381,0.21997004747390747,1149,294,0.5229060649871826,838,306,0.5728968977928162,1030,570,0.5894880294799805,952,572,0.4774956703186035,1054,596,0.44691699743270874,956,609,0.4359055161476135,1045,713,0.4601581394672394,923,718,0.36416345834732056
82,0.5054330199956893,989,419,0.5269150137901306,1041,448,0.5762701034545898,913,449,0.4859670400619507,1128,390,0.3354547321796417,869,401,0.30457159876823425,1147,306,0.47897282242774963,831,312,0.35215264558792114,1021,572,0.4944847822189331,960,576,0.5348066091537476,1061,598,0.4795011579990387,963,602,0.3635987341403961,1047,712,0.4745221436023712,930,706,0.3446023464202881
83,0.5048133462667465,987,421,0.3102857768535614,1044,456,0.6182223558425903,906,456,0.526644229888916,1130,392,0.45123010873794556,867,402,0.3283194899559021,1152,304,0.4536253809928894,836,314,0.4159788489341736,1022,584,0.45635613799095154,952,589,0.4971114993095398,1045,597,0.4009627401828766,960,609,0.35048210620880127,1040,715,0.42509180307388306,932,721,0.30991876125335693
84,0.5103911101818085,992,431,0.4553321599960327,1055,466,0.6392119526863098,931,467,0.5738850235939026,1113,409,0.29673367738723755,880,435,0.34293630719184875,1143,337,0.18192899227142334,832,346,0.3484939932823181,1044,584,0.4890545904636383,970,586,0.46308839321136475,1046,601,0.46651166677474976,950,610,0.29838496446609497,1046,717,0.4266916811466217,926,722,0.31402814388275146
85,0.5313527137041092,990,435,0.5211229920387268,1057,467,0.6408175826072693,932,469,0.5966628789901733,1115,393,0.2694728374481201,871,419,0.4104011058807373,1152,316,0.30522850155830383,829,343,0.45650163292884827,1048,581,0.527587354183197,972,585,0.47284647822380066,1039,611,0.3767576813697815,956,611,0.4318256676197052,1049,717,0.4280189573764801,933,723,0.32542163133621216
86,0.4922011196613312,993,432,0.4105120897293091,1070,467,0.5929225087165833,928,463,0.4449111223220825,1126,400,0.4749225676059723,894,435,0.2860161066055298,1158,329,0.3266081213951111,824,357,0.34761324524879456,1055,592,0.5250478982925415,973,595,0.5263637900352478,1059,637,0.2963051497936249,964,647,0.2865823209285736,1055,714,0.29502496123313904,946,720,0.2851526141166687
87,0.4938624113798141,983,442,0.4837042987346649,1054,471,0.5549076795578003,909,471,0.4468739628791809,1116,404,0.3551325500011444,864,434,0.38667407631874084,1149,341,0.34045663475990295,834,364,0.6057388186454773,1042,590,0.5431038737297058,970,593,0.5274193286895752,1055,641,0.3476789593696594,967,648,0.31830957531929016,1051,717,0.33353856205940247,961,723,0.21952633559703827
88,0.5051749020814895,989,462,0.5317655801773071,1045,485,0.5541302561759949,903,478,0.5959205627441406,1107,428,0.3906717598438263,850,436,0.4035789370536804,1140,351,0.32724058628082275,820,362,0.4235706031322479,1026,593,0.5419196486473083,950,597,0.43741708993911743,1058,614,0.44408026337623596,986,617,0.38666921854019165,1061,712,0.5051000118255615,948,717,0.29344528913497925
89,0.5526189982891083,980,470,0.38044747710227966,1049,500,0.6028729677200317,902,491,0.536973774433136,1108,422,0.35870617628097534,857,433,0.48532792925834656,1131,350,0.3542048931121826,832,374,0.5871912837028503,1026,616,0.5801345705986023,950,621,0.6048653721809387,1048,631,0.47958043217658997,965,638,0.32730230689048767,1039,712,0.4483984410762787,943,716,0.26515474915504456
90,0.6106174767017364,976,469,0.4074864089488983,1048,512,0.6601013541221619,907,506,0.734387993812561,1107,427,0.5123600363731384,882,431,0.3570114076137543,1131,361,0.5572550296783447,846,387,0.5657476782798767,1034,639,0.6036462187767029,955,642,0.610897958278656,1081,653,0.33441582322120667,941,681,0.20498956739902496,1043,716,0.3596658408641815,940,724,0.4731464087963104
91,0.6006998538970947,971,479,0.5554865598678589,1051,513,0.6720815896987915,909,507,0.7070521712303162,1108,430,0.5302371978759766,861,433,0.3992196321487427,1131,357,0.4030456840991974,840,398,0.5945916771888733,1031,632,0.5891677737236023,953,638,0.5540626645088196,1075,650,0.318040668964386,955,662,0.35496148467063904,1044,719,0.4653073251247406,944,729,0.49022233486175537
92,0.5928909391164779,964,485,0.5042580366134644,1051,516,0.667334794998169,911,509,0.6804487705230713,1109,432,0.4470156729221344,859,435,0.3885382115840912,1128,362,0.46882563829421997,831,404,0.5213735103607178,1029,639,0.6403356194496155,950,641,0.5522089600563049,1070,662,0.33062323927879333,960,673,0.3182384967803955,1044,718,0.4772535562515259,950,727,0.4649292230606079
93,0.5937644362449646,971,487,0.5488091707229614,1045,516,0.6240897178649902,912,513,0.6387576460838318,1113,442,0.45975828170776367,859,439,0.35737985372543335,1139,392,0.45948120951652527,833,404,0.6487815976142883,1021,643,0.5745534896850586,948,646,0.658982515335083,1065,657,0.4288564920425415,941,672,0.28295761346817017,1026,719,0.5771236419677734,946,726,0.5037095546722412
94,0.5149443358182907,981,492,0.342607319355011,1038,526,0.5880393385887146,916,519,0.49304521083831787,1119,449,0.33651968836784363,870,441,0.27544304728507996,1135,386,0.35516640543937683,849,406,0.5614932775497437,1020,645,0.4738101065158844,949,646,0.5798690319061279,1090,643,0.4371068477630615,950,651,0.2836231291294098,1050,713,0.5019693374633789,951,721,0.5002884864807129
95,0.521076226234436,983,500,0.38308215141296387,1038,531,0.5742275714874268,923,527,0.5886403322219849,1115,459,0.41054901480674744,855,451,0.23896260559558868,1130,391,0.45258763432502747,848,414,0.5105507373809814,1019,646,0.4617108702659607,957,646,0.551792562007904,1082,641,0.4086381494998932,954,648,0.2786558270454407,1041,709,0.4750523865222931,954,717,0.4857264757156372
96,0.45318338871002195,988,503,0.5317134857177734,1040,530,0.48719513416290283,920,526,0.45247378945350647,1112,478,0.45133456587791443,857,460,0.27900463342666626,1140,408,0.322238951921463,823,422,0.36945655941963196,1032,636,0.4856471121311188,961,636,0.46242955327033997,1073,645,0.28376394510269165,960,638,0.315209299325943,1047,716,0.44528061151504517,949,722,0.3149256706237793
97,0.4662280410528183,991,507,0.5098568201065063,1026,536,0.4068089723587036,941,533,0.5322467684745789,1102,462,0.3069314658641815,920,467,0.2274319976568222,1130,403,0.37989550828933716,843,424,0.5425295233726501,1019,638,0.5192340016365051,964,639,0.48399174213409424,1047,645,0.3585672676563263,963,649,0.2293798327445984,1025,713,0.4013746976852417,950,717,0.31514546275138855
98,0.46017467677593227,993,507,0.5174360871315002,1033,536,0.45008474588394165,925,528,0.39883798360824585,1113,477,0.4549093246459961,884,464,0.18941354751586914,1129,409,0.4231727421283722,845,427,0.5480580925941467,1028,641,0.540084719657898,958,643,0.4896068274974823,1080,646,0.32045063376426697,966,647,0.2256711721420288,1035,711,0.44078895449638367,958,712,0.3541198670864105
99,0.48961521089076987,994,507,0.4486074149608612,1037,541,0.5081783533096313,932,532,0.46943655610084534,1113,477,0.45616012811660767,899,464,0.19625456631183624,1122,406,0.43123969435691833,857,433,0.4897773265838623,1031,644,0.5276246070861816,958,644,0.5029615759849548,1086,648,0.338601291179657,974,647,0.30462732911109924,1041,713,0.47708651423454285,946,721,0.42782363295555115
100,0.4378370583057404,991,508,0.4113001823425293,1037,541,0.5266646146774292,934,537,0.5004191398620605,1111,481,0.42387738823890686,922,470,0.24337315559387207,1116,407,0.38362693786621094,834,438,0.3692788779735565,1020,647,0.38519665598869324,955,649,0.36535897850990295,1086,651,0.3070385158061981,965,655,0.23071375489234924,1048,718,0.431559681892395,949,726,0.35188305377960205
101,0.4168885171413421,991,507,0.4101612865924835,1041,539,0.4676989018917084,934,532,0.4035003185272217,1110,482,0.4278639256954193,916,471,0.24818290770053864,1116,404,0.2902872562408447,831,439,0.37054720520973206,1026,645,0.4150379002094269,957,647,0.38092613220214844,1080,645,0.4389720559120178,964,648,0.22183537483215332,1046,714,0.4252321422100067,947,722,0.33349016308784485
102,0.45448610186576843,988,507,0.3727167546749115,1038,542,0.5073627829551697,932,534,0.4613216519355774,1108,481,0.41525521874427795,913,469,0.22933852672576904,1121,401,0.30321556329727173,849,442,0.49788326025009155,1026,640,0.4671667218208313,957,640,0.43147772550582886,1076,644,0.4540751278400421,968,645,0.22416919469833374,1044,714,0.40258491039276123,940,722,0.3349745273590088
103,0.4373993963003159,987,509,0.3613330125808716,1037,541,0.5017235279083252,937,534,0.4450394809246063,1108,482,0.39062678813934326,915,472,0.22367216646671295,1123,402,0.3035416901111603,848,440,0.5501086711883545,1026,636,0.4500091075897217,959,638,0.3837548792362213,1073,642,0.46032801270484924,966,644,0.22237133979797363,1047,715,0.4101470112800598,942,719,0.30546122789382935
104,0.4359977722167968,991,513,0.3420352339744568,1038,545,0.5015958547592163,942,540,0.47744020819664,1109,481,0.36681047081947327,922,474,0.21070988476276398,1111,400,0.3742351531982422,851,447,0.47770369052886963,1025,637,0.44374942779541016,961,640,0.3996168375015259,1068,647,0.29467934370040894,967,648,0.23632197082042694,1065,712,0.3142147362232208,947,720,0.322089284658432
105,0.4167679339647293,990,512,0.34069371223449707,1040,546,0.49225544929504395,945,540,0.4721914231777191,1108,483,0.35664594173431396,920,479,0.2210361659526825,1111,402,0.3533977270126343,832,445,0.35356906056404114,1022,639,0.3631521761417389,962,642,0.4096786081790924,1066,647,0.29385673999786377,965,647,0.2376386970281601,1066,713,0.31867411732673645,946,719,0.30246084928512573
106,0.4303096950054169,990,512,0.3394279181957245,1038,545,0.4981372654438019,946,538,0.4565347731113434,1106,484,0.3466106951236725,918,480,0.2132144421339035,1109,403,0.3457876443862915,832,445,0.35250359773635864,1027,639,0.438345730304718,963,641,0.41443222761154175,1065,647,0.30264517664909363,965,645,0.23853251338005066,1063,713,0.3100012242794037,942,719,0.30907031893730164
107,0.4584055185317993,987,511,0.3226994276046753,1038,542,0.5212908983230591,933,537,0.49400171637535095,1108,481,0.38030797243118286,922,474,0.21675290167331696,1107,397,0.3598751127719879,837,445,0.5115616321563721,1025,638,0.4622419476509094,957,640,0.429895281791687,1061,648,0.3228367567062378,963,650,0.22621236741542816,1044,713,0.4181487560272217,943,722,0.34068262577056885
108,0.43777288496494293,995,507,0.4240435063838959,1052,541,0.5216187238693237,933,539,0.4911577105522156,1110,485,0.3393166959285736,892,498,0.2932332754135132,1106,414,0.22784054279327393,837,448,0.37928763031959534,1032,643,0.4233744740486145,960,645,0.3851526379585266,1096,648,0.3086863160133362,982,650,0.2074366807937622,1070,716,0.3115665912628174,944,727,0.30258679389953613
109,0.42258340418338775,998,510,0.4517589509487152,1046,537,0.4888010323047638,930,535,0.46532902121543884,1111,474,0.40015900135040283,922,473,0.2213355153799057,1114,405,0.28997287154197693,835,443,0.372232586145401,1028,637,0.39181867241859436,959,638,0.3869273066520691,1095,649,0.3143192231655121,981,650,0.20725497603416443,1050,715,0.37323346734046936,943,723,0.2842862010002136
110,0.4006992548704147,1001,510,0.4944804608821869,1048,534,0.4780944585800171,929,529,0.4012894630432129,1110,473,0.41153860092163086,904,488,0.1797623187303543,1111,406,0.263194739818573,845,442,0.5638208985328674,1030,626,0.34463369846343994,963,635,0.3644501566886902,1092,652,0.3241051435470581,978,639,0.271800696849823,1049,719,0.377515971660614,940,724,0.28461822867393494
111,0.42783384323120116,999,507,0.46575650572776794,1061,539,0.5040088891983032,934,530,0.3866487443447113,1109,483,0.45951059460639954,922,477,0.2190743386745453,1115,403,0.28707969188690186,854,445,0.5127967000007629,1033,639,0.4532029628753662,959,641,0.40719929337501526,1089,652,0.32664430141448975,977,653,0.24065376818180084,1059,715,0.2580132484436035,936,724,0.30848434567451477
112,0.43108435571193693,999,505,0.48546504974365234,1053,535,0.4820355474948883,928,527,0.39579907059669495,1103,470,0.37289339303970337,914,491,0.19623522460460663,1100,399,0.3755251467227936,847,442,0.5021153688430786,1033,636,0.4624342918395996,962,638,0.40447741746902466,1083,645,0.4626784920692444,989,648,0.2196670025587082,1047,715,0.3829626142978668,943,724,0.30511078238487244
113,0.44506960213184354,992,506,0.4605216681957245,1049,531,0.48067933320999146,930,524,0.5007947683334351,1108,481,0.48300260305404663,899,496,0.20441831648349762,1107,404,0.3636319935321808,833,440,0.54599928855896,1033,623,0.4269552528858185,967,624,0.39548608660697937,1075,642,0.44758984446525574,984,634,0.29558703303337097,1046,713,0.39678865671157837,946,719,0.309042751789093
114,0.4767082065343856,987,501,0.40271082520484924,1040,532,0.535739004611969,920,524,0.5184074640274048,1117,468,0.4497864544391632,885,475,0.2202237993478775,1126,401,0.45042508840560913,833,429,0.6682002544403076,1015,634,0.4333221912384033,956,635,0.48491525650024414,1067,648,0.33655762672424316,960,645,0.25848209857940674,1035,710,0.400268018245697,940,711,0.3735211193561554
115,0.5395214647054671,986,501,0.39936235547065735,1053,528,0.602510392665863,921,519,0.551284670829773,1122,460,0.4710833430290222,854,459,0.24428434669971466,1129,388,0.40309181809425354,824,421,0.6549949645996094,1020,638,0.5266954898834229,960,638,0.5711864829063416,1076,648,0.4241578280925751,959,646,0.33933526277542114,1033,712,0.4107174873352051,949,719,0.490330308675766
116,0.511649739742279,981,491,0.4491468667984009,1035,528,0.576414942741394,917,523,0.5191724896430969,1116,461,0.44496122002601624,884,455,0.2641582787036896,1125,391,0.34694600105285645,845,417,0.5125436782836914,1015,640,0.45605796575546265,950,641,0.5937829613685608,1075,647,0.3359084725379944,954,648,0.2885667681694031,1042,710,0.4604684114456177,946,722,0.46251165866851807
117,0.5716042011976242,967,483,0.4844026565551758,1040,519,0.623856782913208,908,514,0.6478538513183594,1119,449,0.3995775878429413,882,446,0.274044930934906,1137,379,0.274120032787323,844,412,0.4954283833503723,1021,642,0.5589335560798645,944,643,0.626876711845398,1080,648,0.35939034819602966,927,658,0.24789616465568542,1039,712,0.4149112105369568,940,725,0.4700653851032257
118,0.6047906577587128,974,481,0.542482316493988,1067,518,0.697303056716919,917,511,0.5614100098609924,1105,429,0.45912885665893555,874,440,0.38433921337127686,1133,356,0.38315191864967346,829,403,0.49845439195632935,1036,646,0.6760100722312927,954,646,0.6231937408447266,1074,666,0.4013204872608185,948,680,0.29824593663215637,1022,726,0.5192895531654358,944,733,0.5621703863143921
119,0.5939489364624023,961,462,0.4490368068218231,1070,498,0.6719611287117004,909,491,0.6360495090484619,1107,416,0.5942107439041138,856,435,0.5195396542549133,1136,347,0.47029179334640503,829,395,0.4819611608982086,1038,631,0.6444872617721558,952,633,0.547065019607544,1082,657,0.3906674087047577,942,666,0.261654794216156,1012,728,0.49997714161872864,941,727,0.49046632647514343
120,0.5047057539224624,984,465,0.552970826625824,1060,496,0.5787084102630615,909,490,0.4301769435405731,1105,431,0.4199969470500946,855,440,0.45728790760040283,1132,361,0.4029472768306732,813,400,0.3270488381385803,1037,615,0.582383394241333,953,617,0.49971985816955566,1054,632,0.3465085029602051,962,630,0.3208146393299103,1044,714,0.4390278458595276,934,724,0.3962016999721527
121,0.5285026848316192,986,455,0.3565477430820465,1062,488,0.6004442572593689,922,485,0.5339922904968262,1109,428,0.3731609284877777,866,447,0.4623717963695526,1132,345,0.37510746717453003,836,374,0.4693576693534851,1044,603,0.5596798658370972,963,603,0.5174965858459473,1050,619,0.40561848878860474,964,617,0.4867391884326935,1077,702,0.3450466990470886,938,720,0.41046419739723206
122,0.5208105683326721,980,440,0.5284215807914734,1057,471,0.5896158218383789,914,471,0.4990289807319641,1117,402,0.3793148994445801,855,442,0.4271950125694275,1145,339,0.3289054036140442,824,357,0.442394882440567,1044,597,0.5834816694259644,958,598,0.49722981452941895,1074,626,0.32999321818351746,964,619,0.4937330484390259,1058,711,0.4474806487560272,935,710,0.3216380476951599
123,0.511179307103157,987,433,0.4880933165550232,1063,469,0.6220983266830444,906,464,0.40177127718925476,1120,393,0.4442328214645386,860,419,0.3639875650405884,1153,331,0.432619571685791,829,357,0.6046874523162842,1036,590,0.5652652978897095,956,593,0.49684938788414,1046,622,0.46563979983329773,957,621,0.3763931393623352,1044,712,0.4400582015514374,928,710,0.3044622540473938
124,0.5048049509525299,992,432,0.4344903528690338,1064,467,0.5888394117355347,926,469,0.5354434847831726,1125,388,0.35942864418029785,865,416,0.3667182922363281,1150,316,0.38697463274002075,819,344,0.4977758824825287,1046,586,0.5355175137519836,963,585,0.44570884108543396,1057,616,0.4055670201778412,958,605,0.40536990761756897,1061,713,0.46816056966781616,930,710,0.33031371235847473
125,0.5206150144338608,993,421,0.3188757598400116,1057,451,0.5839443802833557,921,453,0.5606236457824707,1122,382,0.4996538460254669,864,404,0.45042988657951355,1151,309,0.44122955203056335,836,335,0.4964931011199951,1037,576,0.5519281029701233,954,575,0.4501390755176544,1054,615,0.3539827764034271,949,605,0.4352794289588928,1050,712,0.4606878161430359,927,719,0.36462506651878357
126,0.5175416439771652,987,418,0.5757481455802917,1055,449,0.6112083792686462,908,444,0.43119046092033386,1121,376,0.3829299807548523,865,399,0.4516490399837494,1143,308,0.5275793671607971,819,317,0.49685072898864746,1031,574,0.565064013004303,957,575,0.5225586891174316,1042,600,0.4481861889362335,953,602,0.3777507245540619,1050,714,0.45606133341789246,931,710,0.28580692410469055
127,0.5630910754203796,980,409,0.426281213760376,1052,435,0.6425538659095764,918,443,0.5632985234260559,1120,368,0.41767311096191406,859,370,0.37441378831863403,1144,300,0.6284317970275879,825,311,0.5920659303665161,1035,574,0.6377862691879272,950,574,0.510097324848175,1029,610,0.35957637429237366,951,608,0.45744818449020386,1042,716,0.4656866490840912,929,714,0.3289799094200134
128,0.5603461146354676,982,405,0.3431811034679413,1048,425,0.6371729373931885,917,435,0.596480667591095,1113,368,0.3887156546115875,877,376,0.18737554550170898,1149,293,0.5801965594291687,828,308,0.6611523032188416,1038,562,0.5992715954780579,960,561,0.4968615770339966,1059,606,0.5547463893890381,949,604,0.5431045889854431,1058,710,0.5057230591773987,929,709,0.33629393577575684
129,0.562072205543518,988,384,0.40621575713157654,1064,416,0.6401234865188599,922,422,0.5046790838241577,1120,346,0.431852787733078,878,366,0.25409919023513794,1144,280,0.49094048142433167,829,305,0.5598682761192322,1040,554,0.6383251547813416,959,553,0.5561461448669434,1047,605,0.5086729526519775,941,602,0.5347496271133423,1050,714,0.4989924132823944,926,712,0.33574366569519043
130,0.5390336155891418,1000,366,0.5338643193244934,1071,404,0.5905015468597412,925,405,0.5430079698562622,1131,335,0.352359414100647,896,359,0.2532771825790405,1139,253,0.6507479548454285,828,263,0.42567968368530273,1045,544,0.6390124559402466,955,545,0.47928816080093384,1047,606,0.48287224769592285,948,603,0.5439261198043823,1051,706,0.3687475919723511,932,708,0.3282496929168701
131,0.5189193606376648,993,363,0.4316902756690979,1069,402,0.6066718101501465,924,402,0.4953426718711853,1111,330,0.3354450464248657,857,314,0.45280319452285767,1133,250,0.7004519104957581,829,257,0.3880064785480499,1039,545,0.6046047806739807,950,546,0.42102205753326416,1042,614,0.45191413164138794,943,607,0.5095251798629761,1056,701,0.4090481698513031,933,705,0.3160659074783325
132,0.48849386870861045,999,359,0.4192710220813751,1069,397,0.5392571091651917,937,404,0.44977208971977234,1104,345,0.39881137013435364,907,367,0.3295730948448181,1137,255,0.6184335350990295,857,281,0.31395095586776733,1025,532,0.487309992313385,957,535,0.5044122934341431,1046,628,0.465858519077301,947,628,0.6126418709754944,1044,716,0.4012371301651001,933,722,0.3610948324203491
133,0.5051350474357604,997,353,0.4875243306159973,1057,392,0.5361616611480713,931,396,0.45536401867866516,1097,336,0.399104505777359,909,332,0.26906201243400574,1137,251,0.5483559370040894,833,253,0.42808860540390015,1041,534,0.5617262125015259,955,534,0.5133976340293884,1034,625,0.47083479166030884,932,621,0.5859425067901611,1042,715,0.39946091175079346,924,719,0.3543996214866638
134,0.5263459354639053,997,344,0.5079604387283325,1055,372,0.44117727875709534,932,381,0.47385236620903015,1108,311,0.4165630042552948,908,324,0.24968285858631134,1139,235,0.4129219055175781,859,236,0.20552535355091095,1040,532,0.6455646753311157,949,531,0.6360072493553162,1032,626,0.5548849105834961,937,626,0.6305254697799683,1022,714,0.3764740526676178,929,716,0.40039539337158203
135,0.5293892592191696,995,345,0.46775275468826294,1060,373,0.4806102216243744,927,379,0.44111308455467224,1117,303,0.5097672939300537,918,329,0.2021188735961914,1139,234,0.3955586552619934,874,256,0.16842705011367798,1038,532,0.6728811264038086,938,531,0.650854229927063,1013,631,0.5043042898178101,934,631,0.6256123185157776,1019,712,0.32631489634513855,932,716,0.33550354838371277
136,0.5742924779653549,996,334,0.3944835364818573,1070,376,0.5922258496284485,928,376,0.48393696546554565,1121,287,0.5631622076034546,877,274,0.37347835302352905,1134,227,0.3514138460159302,872,218,0.2842237651348114,1035,528,0.6818199157714844,945,529,0.6775709390640259,1022,630,0.4690260887145996,944,636,0.7199885845184326,1030,712,0.34318089485168457,945,714,0.3428369462490082
137,0.5776086002588272,1002,328,0.389538049697876,1068,370,0.5936138033866882,938,376,0.5323845148086548,1110,304,0.3870408236980438,922,307,0.26808100938796997,1134,233,0.38422057032585144,873,234,0.2616966962814331,1038,527,0.6724538803100586,950,529,0.6776385307312012,1043,628,0.5384053587913513,960,632,0.7079843878746033,1047,711,0.4187062382698059,949,715,0.3108294606208801
138,0.5596080660820006,999,325,0.4794895052909851,1067,365,0.595232367515564,939,372,0.5743441581726074,1104,303,0.314457505941391,929,311,0.2358720749616623,1129,229,0.3168281018733978,876,219,0.3337872624397278,1042,521,0.6755030155181885,942,523,0.5001332759857178,1051,625,0.652351975440979,962,626,0.6623131036758423,1048,708,0.419527530670166,951,710,0.34519103169441223
139,0.5968960762023925,1003,324,0.4742584228515625,1063,367,0.5966293215751648,945,371,0.6234852075576782,1097,307,0.31021636724472046,927,314,0.3371390402317047,1119,233,0.27058953046798706,873,221,0.4517406225204468,1032,519,0.6153047680854797,951,523,0.6892268657684326,1026,629,0.57234787940979,958,629,0.6958699822425842,1032,708,0.38470688462257385,949,706,0.368807852268219
140,0.5687890589237213,1005,322,0.5120927691459656,1068,364,0.615790843963623,943,364,0.5923320651054382,1126,284,0.5031774044036865,931,318,0.23508751392364502,1129,230,0.2692093551158905,876,221,0.34031686186790466,1035,512,0.552548348903656,950,515,0.6207259297370911,1033,622,0.632178008556366,966,624,0.6418675780296326,1047,701,0.45319634675979614,950,703,0.36388906836509705
141,0.5605887740850448,1005,321,0.5140329599380493,1070,359,0.600252091884613,941,360,0.5245746374130249,1127,278,0.45803698897361755,882,256,0.442107230424881,1133,213,0.19853892922401428,878,217,0.2678174078464508,1037,513,0.5815683007240295,950,516,0.652206540107727,1026,620,0.5192095041275024,965,620,0.6203728318214417,1036,700,0.3859046697616577,943,702,0.3701747953891754
142,0.5387723445892334,1005,322,0.5225691199302673,1069,360,0.584455132484436,943,363,0.5359222888946533,1125,280,0.4892875850200653,932,311,0.20776969194412231,1134,214,0.21637074649333954,883,221,0.2650321125984192,1035,511,0.5184324979782104,949,514,0.6065468192100525,1037,618,0.612399160861969,964,623,0.68039870262146,1032,698,0.37571093440055847,948,699,0.40607985854148865
143,0.5364259362220765,1003,322,0.5432146787643433,1071,359,0.5906012058258057,939,362,0.5111579895019531,1125,277,0.44746163487434387,929,311,0.18796660006046295,1124,230,0.20602856576442719,887,223,0.2261783480644226,1034,513,0.541314423084259,944,515,0.6129515171051025,1025,623,0.6172879338264465,962,622,0.6302719116210938,1024,702,0.38695064187049866,939,701,0.33389151096343994
144,0.543996626138687,1006,326,0.5263569951057434,1078,360,0.5928272008895874,937,366,0.5394501686096191,1133,277,0.5719475150108337,888,260,0.40859079360961914,1147,209,0.2447962611913681,887,226,0.22088371217250824,1034,510,0.4921949803829193,945,512,0.6005024909973145,1023,614,0.6195970773696899,949,617,0.5896242260932922,1047,710,0.46380048990249634,945,716,0.41911858320236206
145,0.5690028250217437,1004,326,0.5161396861076355,1074,361,0.5783488750457764,940,368,0.5385857224464417,1130,280,0.5576720833778381,927,309,0.17791296541690826,1144,211,0.2136964350938797,879,224,0.25940215587615967,1031,510,0.6146266460418701,952,511,0.6502183675765991,1019,612,0.5870651602745056,951,618,0.6881228685379028,1046,710,0.4647786319255829,950,716,0.37583526968955994
146,0.5695626556873321,1005,327,0.525753378868103,1071,363,0.5739099383354187,942,370,0.558030903339386,1128,281,0.5381951928138733,929,311,0.19674454629421234,1143,214,0.2191012054681778,880,228,0.2830834686756134,1030,510,0.600091278553009,953,511,0.6462543606758118,1018,614,0.6306071877479553,954,617,0.6948115825653076,1047,710,0.48059991002082825,949,716,0.39071008563041687
147,0.52757089138031,1004,327,0.4956660568714142,1073,363,0.5882470011711121,937,369,0.5405035018920898,1130,277,0.5233005285263062,924,307,0.18726618587970734,1141,213,0.21197211742401123,881,225,0.27208593487739563,1037,509,0.4686654806137085,950,510,0.5535250306129456,1023,615,0.671292781829834,955,618,0.7061282396316528,1049,710,0.49534833431243896,949,714,0.41484102606773376
148,0.5485844075679779,1002,325,0.47228285670280457,1074,361,0.5988597273826599,937,367,0.5416345596313477,1132,275,0.490592896938324,920,306,0.17492753267288208,1139,211,0.23263607919216156,878,224,0.3024163544178009,1039,508,0.47422686219215393,955,513,0.6423917412757874,1025,615,0.682312548160553,954,617,0.7143534421920776,1050,710,0.5090991258621216,950,715,0.4189983606338501
149,0.5378722131252288,1004,324,0.4835786819458008,1074,361,0.6038419008255005,939,367,0.5478258728981018,1135,274,0.5124112963676453,922,307,0.15782685577869415,1139,210,0.24123387038707733,878,223,0.30660542845726013,1037,509,0.48805728554725647,950,510,0.5515899062156677,1019,616,0.6658057570457458,954,618,0.721712052822113,1047,711,0.5161941647529602,948,715,0.4497341215610504
150,0.5513278663158416,1005,325,0.4722660481929779,1073,363,0.6035712361335754,941,369,0.5725921392440796,1134,280,0.5171610713005066,923,309,0.19294098019599915,1144,216,0.29854878783226013,878,227,0.3600176274776459,1038,510,0.5035192966461182,952,511,0.5679327249526978,1022,617,0.6849270462989807,951,618,0.7240675091743469,1047,712,0.5110445618629456,946,718,0.4624503552913666
151,0.5535994529724121,1010,326,0.5153658390045166,1074,364,0.5972851514816284,945,369,0.5796635746955872,1137,283,0.42254355549812317,927,312,0.20494213700294495,1147,220,0.3067280054092407,879,227,0.38137784600257874,1036,511,0.5115503668785095,954,512,0.574913501739502,1025,617,0.6939777135848999,957,617,0.7217771410942078,1046,712,0.49760472774505615,948,716,0.44999879598617554
152,0.5355336129665375,1013,328,0.5323120355606079,1077,366,0.5711761713027954,948,372,0.5789810419082642,1138,282,0.4075133800506592,925,315,0.20938436686992645,1142,228,0.2821143567562103,884,230,0.3110705614089966,1044,514,0.5593171119689941,953,514,0.4878917336463928,1041,614,0.686155378818512,962,616,0.7026553153991699,1051,711,0.4595702290534973,953,720,0.4178585410118103
153,0.5363020479679107,1010,326,0.5237872004508972,1074,366,0.5700913071632385,945,372,0.5856133699417114,1136,281,0.38425663113594055,922,312,0.18864113092422485,1140,228,0.2532607913017273,888,229,0.2678566575050354,1041,516,0.5617794990539551,950,515,0.4854121506214142,1035,614,0.6704695820808411,958,615,0.7232862114906311,1046,712,0.45143207907676697,946,719,0.4508812129497528
154,0.5384786546230316,1010,327,0.5254328846931458,1074,366,0.5683071613311768,945,372,0.5901116132736206,1135,279,0.516549825668335,921,311,0.18071115016937256,1149,218,0.2762221395969391,884,227,0.2788929045200348,1041,516,0.5689564943313599,948,516,0.4729846119880676,1038,614,0.6808803677558899,959,615,0.7138915657997131,1047,713,0.4415634274482727,945,720,0.4446967542171478
155,0.5424553394317626,1010,327,0.5295743942260742,1075,366,0.5751568078994751,945,372,0.5895353555679321,1134,278,0.4952341616153717,919,307,0.18035705387592316,1145,215,0.2516060769557953,883,227,0.31959226727485657,1041,517,0.5756407380104065,947,516,0.4762763977050781,1037,615,0.6942770481109619,960,616,0.7087246775627136,1048,712,0.45521029829978943,947,719,0.4584091603755951
156,0.5531066000461577,1012,327,0.42500951886177063,1076,366,0.5849376916885376,939,370,0.5763062834739685,1135,281,0.45121732354164124,927,339,0.16811123490333557,1158,217,0.3247823715209961,901,238,0.17488312721252441,1040,519,0.621038019657135,945,518,0.5079770088195801,1043,618,0.7443838715553284,962,620,0.7032734751701355,1048,710,0.47638070583343506,949,717,0.47403764724731445
157,0.5753411680459976,1013,326,0.39223647117614746,1075,369,0.5852299928665161,947,374,0.5935967564582825,1135,280,0.46710270643234253,929,341,0.2048351764678955,1149,217,0.3069249987602234,903,236,0.19286006689071655,1044,525,0.6902223229408264,948,524,0.5622702836990356,1039,621,0.7119837403297424,964,618,0.5988933444023132,1046,714,0.47676509618759155,943,719,0.47612419724464417
158,0.5799837231636047,1011,326,0.4191090762615204,1077,369,0.5778785347938538,946,372,0.5944522619247437,1136,277,0.44330552220344543,918,311,0.22001278400421143,1147,214,0.29715874791145325,902,234,0.2067798227071762,1047,524,0.700304388999939,950,523,0.5684493184089661,1044,621,0.736983597278595,963,621,0.6883512139320374,1048,711,0.49617427587509155,945,716,0.494392454624176
159,0.5708401620388031,1014,326,0.3945053517818451,1077,370,0.5747078061103821,950,373,0.5707427859306335,1134,280,0.43543151021003723,919,313,0.23575368523597717,1145,215,0.2864970266819,900,234,0.20528894662857056,1047,523,0.6838541626930237,951,522,0.5588895678520203,1044,621,0.7212603092193604,964,622,0.6721764802932739,1050,711,0.48577404022216797,944,717,0.47917744517326355
160,0.5656602263450622,1013,328,0.5205586552619934,1076,368,0.5819295644760132,952,372,0.5679737329483032,1132,281,0.42789554595947266,922,312,0.21296049654483795,1145,217,0.29404619336128235,908,235,0.18546363711357117,1045,520,0.6546111702919006,951,519,0.5438367128372192,1040,620,0.7225210070610046,964,621,0.6883230805397034,1048,709,0.4961857795715332,944,715,0.4893793761730194
161,0.5651993334293366,1012,325,0.530966579914093,1075,368,0.5863679051399231,952,372,0.5719567537307739,1131,282,0.44983941316604614,913,290,0.3281722962856293,1142,216,0.29708775877952576,913,238,0.2067958265542984,1041,521,0.6530542969703674,947,520,0.5261388421058655,1033,623,0.7137251496315002,966,619,0.6504162549972534,1047,708,0.5011513233184814,945,715,0.4900237023830414
162,0.5487868010997772,1011,322,0.5385902523994446,1080,363,0.5940943360328674,952,367,0.5434237718582153,1137,278,0.35812848806381226,911,268,0.29130759835243225,1148,216,0.27913329005241394,925,239,0.1565621942281723,1038,518,0.6359029412269592,944,517,0.4966306686401367,1027,623,0.7228077054023743,962,616,0.6412593722343445,1044,711,0.5264313817024231,949,716,0.5002622008323669
163,0.5006977170705795,1014,319,0.5252528786659241,1066,357,0.48329660296440125,953,364,0.5009323358535767,1139,280,0.3257486820220947,908,261,0.34018465876579285,1156,219,0.22171859443187714,922,240,0.15416200459003448,1036,516,0.6123116612434387,943,513,0.44731852412223816,1024,622,0.7159433364868164,959,613,0.6181620359420776,1042,713,0.5235758423805237,947,716,0.5182620286941528
164,0.49961316287517543,1014,319,0.5386819839477539,1066,357,0.49669426679611206,954,365,0.5110644102096558,1141,282,0.32196134328842163,910,262,0.311240553855896,1155,219,0.18468385934829712,921,240,0.16389693319797516,1037,514,0.603284478187561,944,512,0.43774017691612244,1021,622,0.6900035738945007,955,615,0.6351586580276489,1041,712,0.5094775557518005,947,716,0.513306200504303
165,0.5383197426795959,1013,316,0.42510727047920227,1076,351,0.4961986839771271,948,362,0.4978351593017578,1158,268,0.4319089353084564,902,255,0.3108474016189575,1180,217,0.23455721139907837,904,222,0.07959719747304916,1033,515,0.5871078968048096,948,515,0.6587876081466675,1029,622,0.7334372401237488,946,620,0.7399963736534119,1026,712,0.49859267473220825,941,717,0.3959674835205078
166,0.5345253765583038,1011,320,0.5145393013954163,1070,356,0.5035779476165771,954,367,0.539587140083313,1166,271,0.44661402702331543,912,260,0.30564969778060913,1183,217,0.35709384083747864,918,238,0.11703754961490631,1030,514,0.5129714608192444,948,513,0.6260654926300049,1015,621,0.7393761277198792,951,620,0.7328984141349792,1020,710,0.5222687125205994,945,715,0.5256805419921875
167,0.5517398238182067,1019,316,0.5158373117446899,1073,356,0.5450249314308167,959,367,0.5389166474342346,1169,281,0.491252601146698,913,268,0.2666265666484833,1192,222,0.33193689584732056,920,240,0.14545047283172607,1039,519,0.6788355112075806,941,517,0.49780184030532837,1044,620,0.6867620944976807,958,621,0.7498737573623657,1031,707,0.481820285320282,943,710,0.4126899540424347
168,0.5542721152305603,1020,324,0.6775694489479065,1069,364,0.5201922655105591,954,378,0.5729272365570068,1156,313,0.3398616313934326,899,433,0.3037651479244232,1205,245,0.403825044631958,930,289,0.15689577162265778,1044,521,0.6535974144935608,949,523,0.5405760407447815,1047,620,0.7306153178215027,964,624,0.641209065914154,1044,710,0.43236058950424194,949,717,0.44734659790992737
169,0.5757580161094665,1023,322,0.653889000415802,1077,362,0.5835101008415222,949,369,0.5115242004394531,1193,293,0.5680626630783081,957,349,0.21992753446102142,1221,246,0.3846624195575714,928,272,0.15350420773029327,1057,519,0.6667726039886475,961,520,0.6258925795555115,1061,623,0.7672412395477295,966,620,0.6829684376716614,1048,713,0.495733380317688,953,717,0.4777095317840576
170,0.5510406732559204,1021,327,0.6484899520874023,1075,368,0.5461300611495972,952,370,0.4070088267326355,1179,314,0.4893862307071686,949,355,0.3106622099876404,1218,254,0.5962943434715271,934,296,0.2037755250930786,1064,518,0.6315912008285522,970,519,0.6641232967376709,1068,618,0.6894490718841553,955,618,0.647940993309021,1057,716,0.5129851698875427,958,720,0.3712928891181946
171,0.5602073073387146,1029,324,0.6396170854568481,1085,365,0.593616247177124,961,368,0.5691452026367188,1193,342,0.48063406348228455,910,330,0.5314121842384338,1230,268,0.6363533139228821,896,278,0.3171055316925049,1066,513,0.5506394505500793,968,513,0.5544092059135437,1060,616,0.6834185719490051,951,616,0.632419228553772,1051,714,0.48325082659721375,957,720,0.3569682240486145
172,0.5416914582252502,1032,323,0.44299471378326416,1098,366,0.5759609341621399,960,371,0.5383203029632568,1197,355,0.43623995780944824,905,347,0.44203275442123413,1240,277,0.5561502575874329,906,299,0.3716311454772949,1068,518,0.5853763818740845,964,519,0.5331856608390808,1064,614,0.5641636252403259,948,620,0.5205888748168945,1052,717,0.4241706430912018,951,724,0.31273823976516724
173,0.5776934266090392,1035,329,0.46317192912101746,1099,365,0.5935937762260437,965,372,0.6031049489974976,1199,359,0.4614298939704895,899,359,0.37295040488243103,1250,303,0.34628939628601074,882,284,0.4600638747215271,1068,514,0.6578528881072998,965,513,0.5306304693222046,1055,613,0.6258440613746643,952,616,0.5980241298675537,1052,711,0.5125226974487305,951,715,0.409412145614624
174,0.6327212274074554,1041,332,0.4375390112400055,1114,373,0.6500299572944641,967,375,0.6365330815315247,1197,374,0.5076448917388916,902,356,0.47551771998405457,1251,309,0.594089150428772,892,274,0.47178590297698975,1074,526,0.6698610782623291,971,525,0.6746845245361328,1064,621,0.6702473163604736,967,622,0.695141613483429,1058,704,0.5064999461174011,964,707,0.40061622858047485
175,0.5350526988506317,1065,337,0.5189211964607239,1121,380,0.5202875137329102,986,380,0.6411544680595398,1209,413,0.4830510914325714,913,404,0.3678249716758728,1245,388,0.4231979548931122,929,353,0.34152382612228394,1076,512,0.49005189538002014,990,514,0.5439133048057556,1066,612,0.491275817155838,987,613,0.628020703792572,1055,703,0.417763888835907,961,702,0.3830069899559021
176,0.5034736275672912,1073,338,0.4368540346622467,1120,378,0.4471489191055298,987,383,0.5582573413848877,1196,417,0.4622175991535187,918,426,0.36325299739837646,1251,401,0.42626094818115234,900,404,0.2849397659301758,1095,512,0.4691755473613739,998,509,0.5625623464584351,1080,610,0.5437565445899963,993,609,0.6085910201072693,1071,704,0.27206456661224365,963,705,0.3853995203971863
177,0.5299107551574707,1089,330,0.515417218208313,1143,375,0.5816612839698792,1020,382,0.5478625893592834,1188,423,0.4205218553543091,964,436,0.33471667766571045,1243,428,0.5071537494659424,901,441,0.293657511472702,1124,518,0.4744540750980377,1019,516,0.5843995809555054,1106,615,0.5578711628913879,1003,618,0.5390542149543762,1075,705,0.3730604946613312,971,713,0.4184510111808777
178,0.4407288998365402,1104,328,0.6082590222358704,1144,376,0.30951353907585144,1042,380,0.5321633219718933,1195,436,0.37641215324401855,987,429,0.39481884241104126,1225,476,0.47360581159591675,939,455,0.37542882561683655,1127,513,0.48269468545913696,1035,511,0.38155266642570496,1120,610,0.44998401403427124,1033,612,0.5164517164230347,1081,708,0.38154104351997375,1007,716,0.44987836480140686
179,0.49290962219238277,1110,328,0.4633899927139282,1148,378,0.5186389684677124,1048,373,0.5404473543167114,1196,451,0.31304696202278137,1011,434,0.31976163387298584,1225,497,0.4113416075706482,998,475,0.3553469479084015,1117,511,0.44786691665649414,1056,510,0.5404354929924011,1091,606,0.4289034605026245,1078,606,0.4396324157714844,1058,708,0.4518822431564331,1047,710,0.35899466276168823
180,0.509385621547699,1108,326,0.6201151013374329,1157,378,0.4262349009513855,1038,375,0.6030662655830383,1197,442,0.3879663944244385,1000,431,0.33514922857284546,1210,506,0.5978586077690125,961,484,0.5042433738708496,1129,514,0.5062358379364014,1045,514,0.5027713775634766,1121,620,0.5145970582962036,1068,619,0.5470292568206787,1076,719,0.420676052570343,1034,730,0.3203311264514923
181,0.5010395437479019,1134,328,0.7227491140365601,1165,382,0.49623382091522217,1044,372,0.5605258345603943,1195,451,0.43343228101730347,1016,445,0.3852115273475647,1206,503,0.5631985068321228,991,483,0.29478347301483154,1135,517,0.494553804397583,1051,515,0.5026326179504395,1130,610,0.37453755736351013,1078,615,0.4906429052352905,1099,713,0.3840430676937103,1049,714,0.33627063035964966
182,0.45181809961795805,1151,327,0.39701902866363525,1134,374,0.49517834186553955,1083,371,0.5021889209747314,1142,445,0.2504568099975586,1055,441,0.3443278968334198,1195,518,0.29583659768104553,1026,491,0.3225051462650299,1110,518,0.4461301863193512,1088,516,0.467111200094223,1117,623,0.48585978150367737,1124,625,0.4564706087112427,1102,721,0.33965474367141724,1107,726,0.3441999554634094
183,0.45037985146045684,1155,329,0.4962770938873291,1136,370,0.48273032903671265,1080,366,0.4977661967277527,1123,445,0.23810550570487976,1054,430,0.3575127422809601,1185,518,0.2782434821128845,1036,492,0.3501540422439575,1115,516,0.4364117681980133,1091,514,0.45467591285705566,1120,624,0.5002166032791138,1131,625,0.4181186556816101,1099,733,0.300141841173172,1143,733,0.33865925669670105
184,0.4974640667438507,1179,321,0.6510963439941406,1174,372,0.5488364100456238,1102,366,0.5769460201263428,1169,453,0.333944708108902,1054,429,0.3329932689666748,1144,509,0.14818383753299713,1030,494,0.32733142375946045,1135,525,0.48031556606292725,1100,523,0.4768267571926117,1149,628,0.4737298786640167,1176,629,0.3820502460002899,1083,727,0.35690537095069885,1249,750,0.4343855679035187
185,0.4794551432132721,1195,316,0.4892149269580841,1188,375,0.4307338297367096,1101,361,0.5482034683227539,1186,450,0.3779014050960541,1054,437,0.2808647155761719,1155,512,0.1604471504688263,1030,496,0.3193717896938324,1153,527,0.508051872253418,1099,523,0.5076878070831299,1166,631,0.4690474569797516,1203,629,0.3460284173488617,1065,729,0.4156533181667328,1283,755,0.39239802956581116
186,0.480164349079132,1186,311,0.37262508273124695,1204,378,0.533207893371582,1113,363,0.48544180393218994,1183,448,0.3547529876232147,1058,426,0.3490879237651825,1111,504,0.17960411310195923,1023,486,0.27215149998664856,1153,525,0.47183385491371155,1107,523,0.5237686634063721,1147,629,0.3544803857803345,1201,637,0.4065515697002411,1061,726,0.4053734242916107,1290,758,0.3378201425075531
187,0.4904443651437759,1204,308,0.5248284935951233,1207,370,0.5532391667366028,1123,354,0.5262797474861145,1184,438,0.34576472640037537,1057,418,0.35865920782089233,1111,486,0.16736477613449097,1027,479,0.26702696084976196,1155,523,0.4471569359302521,1110,520,0.49946796894073486,1160,625,0.4759396016597748,1210,623,0.47995102405548096,1059,725,0.45103397965431213,1284,751,0.3323565423488617
188,0.5591102987527847,1215,307,0.624596357345581,1220,360,0.5185635089874268,1131,348,0.6617028713226318,1181,427,0.39178308844566345,1068,415,0.341751366853714,1153,485,0.1857825666666031,1041,481,0.29834282398223877,1177,521,0.585686981678009,1131,518,0.6007890701293945,1156,616,0.515338659286499,1231,621,0.4561423361301422,1063,723,0.5354217290878296,1280,748,0.446464866399765
189,0.619720458984375,1240,292,0.5579178333282471,1267,353,0.6858028173446655,1144,332,0.5917638540267944,1248,429,0.446091890335083,1086,412,0.46294352412223816,1286,505,0.31818056106567383,1051,487,0.3511078655719757,1220,522,0.6399020552635193,1151,520,0.6799044609069824,1200,611,0.5374296307563782,1264,614,0.5009713172912598,1072,714,0.5791582465171814,1292,755,0.613953709602356
190,0.5434259712696075,1264,281,0.5996403098106384,1295,339,0.5355527997016907,1149,328,0.5216155052185059,1302,418,0.38794463872909546,1107,417,0.5863780379295349,1351,502,0.46344542503356934,1072,482,0.3351474702358246,1250,498,0.5773104429244995,1180,497,0.5806512236595154,1242,608,0.4899669587612152,1283,603,0.43959736824035645,1112,713,0.5255494713783264,1300,755,0.5093019604682922
191,0.643573135137558,1302,281,0.719702422618866,1296,341,0.7049354314804077,1169,317,0.7547844052314758,1297,424,0.4928581118583679,1122,415,0.48084211349487305,1375,492,0.5899069905281067,1085,486,0.3915780186653137,1262,517,0.6084962487220764,1193,515,0.6225067377090454,1269,617,0.6600713729858398,1291,618,0.5602126717567444,1158,716,0.3893311321735382,1301,755,0.5020301342010498
192,0.6244960725307465,1314,277,0.43999043107032776,1314,338,0.6364476084709167,1183,325,0.7742853164672852,1332,427,0.3813632130622864,1136,419,0.4948956370353699,1395,488,0.5630879998207092,1109,494,0.445502370595932,1280,509,0.5977123379707336,1215,510,0.6595004796981812,1314,615,0.6338919401168823,1280,617,0.6204572916030884,1290,741,0.5115386843681335,1239,746,0.1599804013967514
193,0.5975105583667755,1312,279,0.44835951924324036,1320,333,0.47723257541656494,1182,325,0.7983354330062866,1342,415,0.39858007431030273,1147,422,0.5623070597648621,1409,485,0.4785281717777252,1141,481,0.465880811214447,1315,514,0.6692019701004028,1232,512,0.5762799978256226,1323,616,0.6144083738327026,1288,615,0.44558292627334595,1285,732,0.3997492492198944,1279,749,0.3863653838634491
194,0.6336615025997161,1340,272,0.5460162162780762,1341,329,0.7264420390129089,1183,316,0.7338691353797913,1373,416,0.42311450839042664,1150,409,0.4992321729660034,1435,489,0.5276508927345276,1179,474,0.4818376898765564,1314,511,0.5289071798324585,1231,514,0.6600049734115601,1336,625,0.6453160643577576,1285,625,0.5339125990867615,1287,734,0.3944718837738037,1277,755,0.45129042863845825
195,0.5870165765285491,1350,267,0.4328453242778778,1342,316,0.4629776179790497,1197,306,0.7050237655639648,1403,407,0.48856061697006226,1170,400,0.49186375737190247,1452,473,0.6739288568496704,1213,459,0.45941320061683655,1344,498,0.6108419895172119,1244,500,0.6446364521980286,1393,618,0.6559685468673706,1306,619,0.6466454267501831,1304,731,0.45090582966804504,1293,746,0.4380250871181488
196,0.6412869691848755,1378,257,0.6868570446968079,1368,313,0.6173787117004395,1220,296,0.7631604671478271,1432,406,0.47537803649902344,1172,380,0.44697731733322144,1468,429,0.35177817940711975,1240,419,0.3670944571495056,1357,497,0.6337966322898865,1245,500,0.6944739818572998,1443,600,0.6671224236488342,1288,617,0.7500986456871033,1410,738,0.532783567905426,1297,744,0.3768894374370575
197,0.6307015717029572,1394,248,0.4833628833293915,1388,312,0.5640880465507507,1220,290,0.5976530313491821,1484,408,0.625299870967865,1200,393,0.44791463017463684,1535,415,0.3971773684024811,1324,410,0.19772374629974365,1387,495,0.7071218490600586,1262,495,0.7748134136199951,1491,601,0.6006175875663757,1304,619,0.7149311900138855,1527,743,0.722608208656311,1305,730,0.5846545100212097
198,0.6950251877307891,1426,248,0.5817378759384155,1421,312,0.6372796893119812,1244,291,0.7072765231132507,1510,402,0.5446283221244812,1197,386,0.5326216816902161,1551,409,0.45205986499786377,1312,406,0.28068578243255615,1397,503,0.773977518081665,1269,503,0.829038679599762,1526,610,0.6602807641029358,1303,626,0.7868964672088623,1589,757,0.6005251407623291,1301,740,0.651624858379364
199,0.5982350409030914,1436,246,0.48964422941207886,1423,311,0.45678621530532837,1268,290,0.5506880879402161,1503,401,0.4987248182296753,1214,384,0.6623149514198303,1599,400,0.49992525577545166,1299,411,0.3029477596282959,1411,492,0.7122882008552551,1298,491,0.7329617738723755,1540,604,0.6278054714202881,1305,613,0.7513531446456909,1631,756,0.530672550201416,1295,746,0.7421141266822815
200,0.6695420205593109,1453,242,0.45933884382247925,1444,306,0.678636908531189,1282,286,0.6021912097930908,1517,394,0.5020723342895508,1213,376,0.573802649974823,1623,391,0.4240146577358246,1287,410,0.43922433257102966,1431,483,0.7662041783332825,1312,484,0.7855795621871948,1549,590,0.7110567092895508,1316,615,0.6838247776031494,1666,740,0.4308314621448517,1300,740,0.7012743353843689
201,0.6955533444881439,1490,228,0.5130048394203186,1503,307,0.7225837111473083,1324,280,0.7782177925109863,1557,396,0.5297176837921143,1257,380,0.6461543440818787,1699,394,0.6467340588569641,1333,426,0.42406317591667175,1463,482,0.7339487075805664,1340,483,0.7760838270187378,1590,588,0.5938506126403809,1346,605,0.7525644302368164,1686,729,0.3741150200366974,1300,740,0.685577929019928
202,0.6819923400878907,1532,229,0.4967729151248932,1551,306,0.7975513935089111,1364,286,0.6053785085678101,1616,403,0.5949782133102417,1293,386,0.6841163635253906,1789,373,0.670405387878418,1357,447,0.5744159817695618,1543,498,0.7024738788604736,1407,502,0.7621092200279236,1657,613,0.7096749544143677,1384,614,0.8218903541564941,1748,769,0.6560792326927185,1303,747,0.8175486326217651
203,0.6344927132129669,1550,223,0.3195853531360626,1582,298,0.6895531415939331,1382,280,0.6356869339942932,1661,398,0.5958973169326782,1299,383,0.5976722836494446,1833,373,0.6352785229682922,1357,451,0.6193945407867432,1581,496,0.6365422606468201,1448,503,0.7423379421234131,1670,625,0.47345826029777527,1404,621,0.5752107501029968,1747,756,0.5644345879554749,1302,749,0.79947429895401
204,0.5253832131624222,1582,233,0.4323624074459076,1609,299,0.46952131390571594,1425,286,0.6012017726898193,1691,382,0.4793134927749634,1358,385,0.48022347688674927,1841,393,0.3784559667110443,1386,473,0.5673429369926453,1617,482,0.5284830331802368,1487,484,0.5989165902137756,1690,610,0.42640241980552673,1437,616,0.5173070430755615,1741,760,0.5100933313369751,1315,741,0.548403799533844
205,0.526697415113449,1578,226,0.3365902006626129,1637,292,0.5121123790740967,1439,282,0.6511018872261047,1697,383,0.4506378769874573,1378,377,0.41962289810180664,1834,397,0.4332020580768585,1384,467,0.47406309843063354,1638,480,0.5195878148078918,1486,483,0.5822393298149109,1701,605,0.35583770275115967,1438,613,0.5756320953369141,1741,762,0.5542725324630737,1330,738,0.5122925639152527
206,0.43802196383476255,1608,225,0.22106944024562836,1662,275,0.505248486995697,1472,277,0.44593846797943115,1758,354,0.42655935883522034,1441,377,0.2847124934196472,1788,378,0.2634429931640625,1405,472,0.5389606356620789,1663,471,0.41700538992881775,1523,473,0.5061766505241394,1735,608,0.4219033122062683,1489,607,0.5385149717330933,1738,753,0.5235851407051086,1373,743,0.5112435221672058
207,0.3539042562246323,1610,223,0.18467706441879272,1653,265,0.33029013872146606,1512,271,0.3382623493671417,1790,349,0.32695257663726807,1439,368,0.28060221672058105,1822,388,0.24998444318771362,1413,466,0.429202675819397,1640,470,0.4147265553474426,1567,472,0.4215259552001953,1673,609,0.2239040732383728,1541,613,0.41206324100494385,1742,763,0.36573243141174316,1393,743,0.3773447275161743
208,0.5526737958192824,1583,201,0.16868142783641815,1706,261,0.5710867047309875,1492,268,0.6653304696083069,1833,346,0.46835777163505554,1456,368,0.5735784769058228,1855,406,0.3225429654121399,1421,463,0.6813276410102844,1702,472,0.5325964689254761,1565,471,0.6219412088394165,1755,614,0.5903978943824768,1525,609,0.6664950251579285,1743,778,0.6244484186172485,1438,764,0.5579143762588501
209,0.48850381970405576,1701,168,0.07304856181144714,1760,242,0.44286590814590454,1546,250,0.5501790046691895,1746,356,0.2233072966337204,1491,352,0.5992704629898071,1871,406,0.30766627192497253,1438,458,0.5761953592300415,1704,450,0.4877832531929016,1561,449,0.6490651369094849,1777,625,0.4202845096588135,1546,629,0.5499546527862549,1747,780,0.6025635004043579,1492,797,0.699765145778656
210,0.3873106807470321,1650,225,0.19443152844905853,1725,256,0.3819979429244995,1566,264,0.4861513078212738,1554,362,0.1537766307592392,1507,353,0.3902812898159027,1463,450,0.35214608907699585,1451,439,0.5221046209335327,1659,437,0.40692338347435,1611,439,0.4219028353691101,1639,620,0.24605628848075867,1663,628,0.16184473037719727,1733,759,0.34082305431365967,1736,765,0.3992535471916199
211,0.3979519307613372,1665,200,0.1508013904094696,1558,255,0.5205341577529907,1780,252,0.33635517954826355,1503,351,0.5392005443572998,1873,373,0.19860224425792694,1449,458,0.6048585772514343,1816,467,0.09629054367542267,1556,447,0.4381871819496155,1735,452,0.3745209276676178,1552,627,0.45728644728660583,1767,635,0.3542357087135315,1543,782,0.6732808351516724,1736,769,0.5967882871627808
212,0.36432277262210844,1734,187,0.10118766874074936,1631,246,0.3613949418067932,1739,246,0.3418373465538025,1524,335,0.4724765419960022,1759,375,0.13582485914230347,1451,444,0.555937647819519,1468,438,0.3602534234523773,1592,436,0.4417167603969574,1701,448,0.36401107907295227,1569,620,0.5360304713249207,1763,625,0.30378085374832153,1546,779,0.6078646779060364,1736,778,0.5041755437850952
213,0.3811157256364822,1723,152,0.08628666400909424,1600,244,0.4490857720375061,1747,242,0.38204723596572876,1511,349,0.3912563920021057,1738,356,0.16049863398075104,1451,456,0.5762589573860168,1471,450,0.2856014668941498,1591,436,0.43245479464530945,1705,441,0.39707261323928833,1562,635,0.39853766560554504,1769,643,0.27013105154037476,1578,801,0.4189901351928711,1727,797,0.32395511865615845
214,0.4044847130775452,1817,107,0.2086336314678192,1594,241,0.5265644788742065,1828,247,0.35643813014030457,1519,347,0.39488038420677185,1869,351,0.2650241553783417,1456,455,0.5394260287284851,1881,413,0.21703603863716125,1565,442,0.4391225576400757,1760,451,0.3877592086791992,1555,633,0.5834178328514099,1774,632,0.42918628454208374,1570,797,0.49859482049942017,1754,782,0.49854594469070435
215,0.37641576826572415,1781,120,0.1914585530757904,1605,239,0.46063947677612305,1787,243,0.3448140025138855,1517,354,0.4764871597290039,1764,359,0.10581274330615997,1471,448,0.4002901613712311,1884,404,0.19655314087867737,1592,434,0.428417444229126,1739,441,0.3728666305541992,1552,631,0.3785383105278015,1783,633,0.373124361038208,1583,796,0.44972336292266846,1748,785,0.46390074491500854
216,0.3403696447610855,1735,175,0.12208510935306549,1674,243,0.3222630023956299,1688,248,0.29987573623657227,1528,356,0.3431582450866699,1536,353,0.3598580062389374,1486,445,0.4020196795463562,1497,444,0.34731364250183105,1640,436,0.40212759375572205,1693,442,0.3739567697048187,1580,623,0.4630039930343628,1757,626,0.33702611923217773,1586,790,0.4732677936553955,1738,793,0.48869216442108154
217,0.4368260443210602,1747,159,0.14175903797149658,1597,245,0.5252819657325745,1825,245,0.4437977075576782,1522,347,0.4142588973045349,1877,356,0.22234290838241577,1486,438,0.4938855767250061,1887,404,0.1802949458360672,1578,436,0.5030902624130249,1770,442,0.43349310755729675,1566,619,0.4156162738800049,1771,619,0.39161416888237,1575,797,0.4454971253871918,1729,791,0.5388204455375671
218,0.44779679775238035,1728,169,0.11503968387842178,1588,253,0.5719963312149048,1823,248,0.4107625186443329,1517,358,0.4434533417224884,1869,357,0.23379038274288177,1489,445,0.5001871585845947,1876,412,0.18842613697052002,1588,438,0.5131704211235046,1768,441,0.4633990526199341,1569,620,0.47009211778640747,1764,621,0.4026584029197693,1577,799,0.47407257556915283,1727,795,0.5475544929504395
219,0.44421190023422236,1715,181,0.12025928497314453,1591,255,0.5528851747512817,1819,249,0.3998313546180725,1519,358,0.42481955885887146,1867,352,0.2313452512025833,1491,451,0.5133392214775085,1878,409,0.18782535195350647,1594,439,0.5110386610031128,1768,439,0.4573172926902771,1568,620,0.45755735039711,1766,618,0.4933284819126129,1580,799,0.48973575234413147,1732,795,0.5712201595306396
220,0.43658246397972106,1726,166,0.1134302094578743,1594,249,0.5037633180618286,1823,246,0.43624556064605713,1521,352,0.4298607409000397,1871,355,0.22535580396652222,1488,446,0.4997459053993225,1880,410,0.16713887453079224,1591,439,0.5124103426933289,1769,441,0.4551398754119873,1569,619,0.4313736855983734,1762,620,0.39848360419273376,1582,798,0.45726218819618225,1728,798,0.5588429570198059
221,0.4102385729551315,1718,175,0.10007569938898087,1591,248,0.5219736099243164,1825,247,0.3976697623729706,1522,352,0.4292318820953369,1874,355,0.2289806306362152,1485,446,0.5228384137153625,1887,406,0.1999252587556839,1588,447,0.448378324508667,1775,451,0.390219509601593,1567,623,0.4623475968837738,1764,626,0.45999011397361755,1585,800,0.4614284336566925,1728,805,0.5889252424240112
222,0.3826428532600402,1721,169,0.1211833655834198,1586,249,0.48016679286956787,1822,249,0.3702775835990906,1523,351,0.39606818556785583,1871,354,0.237937331199646,1486,446,0.5280734300613403,1883,411,0.2099986970424652,1586,445,0.40987080335617065,1778,447,0.35537445545196533,1567,623,0.44077709317207336,1767,627,0.46478384733200073,1585,795,0.5454468727111816,1723,804,0.5557874441146851
223,0.4387774735689163,1811,104,0.24544452130794525,1600,231,0.4711225628852844,1855,237,0.3968298137187958,1530,346,0.5026437640190125,1869,342,0.28113412857055664,1482,446,0.48979315161705017,1881,406,0.21480350196361542,1597,442,0.5203990340232849,1775,443,0.46980172395706177,1558,631,0.4860784411430359,1756,633,0.4706433117389679,1589,800,0.4141709804534912,1724,806,0.524248480796814
224,0.3330167651176452,1837,84,0.3086479604244232,1610,221,0.30213749408721924,1870,224,0.22301986813545227,1537,330,0.413156658411026,1812,332,0.14302895963191986,1487,447,0.5035631656646729,1889,400,0.22466392815113068,1606,436,0.42267102003097534,1748,439,0.3830646574497223,1569,633,0.4243917465209961,1762,634,0.4145694971084595,1598,805,0.5030584931373596,1709,805,0.3237138092517853
225,0.32577183842658997,1832,79,0.2659177780151367,1609,221,0.2793988585472107,1833,225,0.2014484852552414,1533,334,0.3630377948284149,1812,329,0.17343953251838684,1481,448,0.42362233996391296,1869,394,0.2505147457122803,1606,433,0.42744696140289307,1748,436,0.38805246353149414,1563,634,0.43944430351257324,1767,637,0.4832337200641632,1592,803,0.5393251776695251,1724,803,0.4047620892524719
