FrameNo,head_x,head_y,head_confidence,left_shoulder_x,left_shoulder_y,left_shoulder_confidence,right_shoulder_x,right_shoulder_y,right_shoulder_confidence,left_elbow_x,left_elbow_y,left_elbow_confidence,right_elbow_x,right_elbow_y,right_elbow_confidence,left_hand_x,left_hand_y,left_hand_confidence,right_hand_x,right_hand_y,right_hand_confidence,left_hip_x,left_hip_y,left_hip_confidence,right_hip_x,right_hip_y,right_hip_confidence,left_knee_x,left_knee_y,left_knee_confidence,right_knee_x,right_knee_y,right_knee_confidence,left_foot_x,left_foot_y,left_foot_confidence,right_foot_x,right_foot_y,right_foot_confidence
0,958,348,0.4594670534133911,1030,372,0.5244923233985901,911,376,0.5584254860877991,1071,304,0.37777507305145264,875,315,0.32137733697891235,1066,236,0.3723430633544922,881,230,0.46033477783203125,999,528,0.6837801337242126,916,528,0.635970950126648,990,630,0.4104779064655304,916,632,0.5411645770072937,1007,703,0.4121485948562622,903,701,0.47318005561828613
1,971,349,0.5539517402648926,1040,374,0.569886326789856,910,376,0.5907553434371948,1071,304,0.46097633242607117,881,302,0.32542309165000916,1062,236,0.5303398966789246,881,236,0.5355125069618225,1000,531,0.7149917483329773,915,531,0.6833214163780212,993,635,0.5170714855194092,923,630,0.5824916958808899,1007,708,0.528657078742981,901,706,0.5385708212852478
2,963,345,0.4927249550819397,1034,374,0.6077170372009277,907,377,0.6017792820930481,1070,309,0.5183510780334473,891,328,0.41199424862861633,1064,240,0.542280375957489,884,243,0.4642961025238037,1004,526,0.7292348146438599,921,529,0.7142946720123291,994,632,0.5187369585037231,930,628,0.5347267389297485,1009,709,0.3561547100543976,909,711,0.5300617218017578
3,963,344,0.49948760867118835,1033,374,0.6421136856079102,906,376,0.6052502393722534,1062,321,0.45397159457206726,881,314,0.371896892786026,1062,240,0.5167742967605591,881,239,0.40123340487480164,1005,525,0.7345154881477356,922,527,0.70680832862854,989,637,0.48993656039237976,912,628,0.5186380743980408,1010,712,0.4861157238483429,915,708,0.5167834162712097
4,964,345,0.5314015746116638,1032,375,0.6518795490264893,906,377,0.6392326951026917,1064,318,0.44974228739738464,884,317,0.34220126271247864,1065,242,0.5882133841514587,886,239,0.4014059007167816,1005,526,0.7539511322975159,924,528,0.7334675192832947,988,639,0.47228696942329407,919,631,0.5825105309486389,1008,714,0.44163307547569275,922,708,0.4917221963405609
5,959,346,0.4994560182094574,1036,370,0.6351693272590637,902,374,0.6567845940589905,1068,304,0.34255748987197876,876,289,0.33532699942588806,1065,232,0.502129316329956,885,228,0.3633917570114136,1006,526,0.7604976296424866,923,527,0.7223626971244812,989,640,0.46127668023109436,917,633,0.5703619122505188,1010,713,0.4473884105682373,922,707,0.5000582337379456
6,956,346,0.47094717621803284,1031,373,0.6381343007087708,903,378,0.6185514330863953,1065,305,0.355825275182724,881,283,0.39156052470207214,1063,230,0.4666312336921692,886,228,0.33917346596717834,1003,524,0.7235007286071777,921,525,0.6798049211502075,987,641,0.44424328207969666,915,633,0.5365998148918152,1008,714,0.43504586815834045,918,708,0.47568249702453613
7,957,345,0.46959102153778076,1029,374,0.6343869566917419,903,378,0.612736701965332,1065,308,0.39872315526008606,879,290,0.33097708225250244,1062,232,0.477504700422287,885,230,0.389766126871109,1002,522,0.6999902725219727,921,523,0.6739401817321777,985,637,0.44181811809539795,913,629,0.5248676538467407,1008,714,0.4448407292366028,917,709,0.4843669533729553
8,961,347,0.5062784552574158,1031,374,0.6366692185401917,904,378,0.6073375344276428,1065,310,0.405685156583786,880,294,0.32351410388946533,1065,236,0.5047058463096619,884,238,0.38012269139289856,1002,524,0.7097473740577698,921,526,0.6831205487251282,985,637,0.45190659165382385,913,629,0.5269162654876709,1010,714,0.4641653299331665,918,710,0.4918605089187622
9,961,347,0.4945753514766693,1031,374,0.6413800716400146,905,378,0.6057674884796143,1064,311,0.4008161425590515,906,318,0.22520102560520172,1064,239,0.508948564529419,885,239,0.4149331748485565,1002,523,0.7046308517456055,921,525,0.6806740760803223,983,638,0.4498218297958374,914,630,0.538938045501709,1009,714,0.4606723487377167,918,711,0.4832376539707184
10,956,347,0.4505942463874817,1026,373,0.650547981262207,901,378,0.6228665113449097,1065,308,0.41367748379707336,882,283,0.3674386441707611,1063,233,0.5300230383872986,884,237,0.31599536538124084,1001,519,0.6884627938270569,923,521,0.6781047582626343,981,630,0.39268234372138977,923,631,0.5452020168304443,1008,714,0.4407583177089691,910,708,0.35649019479751587
11,965,347,0.5074867010116577,1021,370,0.6473695635795593,898,378,0.6213080286979675,1069,281,0.43397095799446106,881,263,0.49757716059684753,1057,224,0.5003356337547302,886,227,0.28056445717811584,999,515,0.665793776512146,922,517,0.6309974789619446,981,630,0.39281803369522095,919,631,0.5116916298866272,1006,714,0.4388447105884552,917,707,0.35418298840522766
12,958,343,0.4366154074668884,1030,368,0.6381072402000427,904,372,0.6511933207511902,1067,307,0.41552799940109253,884,273,0.43164753913879395,1070,237,0.5675331354141235,879,237,0.3779282569885254,1006,519,0.7225993871688843,925,520,0.704802930355072,994,642,0.47803977131843567,921,638,0.5659036040306091,1021,716,0.3230273723602295,926,711,0.49386274814605713
13,957,341,0.4256470501422882,1031,368,0.6426998376846313,904,370,0.6470768451690674,1071,299,0.3578561842441559,883,264,0.5055118799209595,1069,231,0.481936514377594,883,226,0.34412384033203125,1006,519,0.7324464917182922,922,521,0.6962963938713074,990,642,0.45204588770866394,939,638,0.48280319571495056,1005,713,0.4670793414115906,925,709,0.46774977445602417
14,954,338,0.38913029432296753,1033,363,0.6301488876342773,900,366,0.6151779890060425,1074,273,0.5744345188140869,885,259,0.5344234704971313,1083,220,0.44301483035087585,883,225,0.29216548800468445,1002,520,0.7427417039871216,918,521,0.6733752489089966,987,646,0.4280797243118286,930,641,0.5423147678375244,1002,714,0.45671045780181885,916,708,0.4897303283214569
15,955,339,0.3979704678058624,1035,362,0.6247187256813049,901,367,0.6111940145492554,1074,274,0.5637118220329285,883,260,0.5289398431777954,1083,220,0.4373410940170288,883,225,0.29672613739967346,1003,520,0.7465913891792297,918,522,0.6718078255653381,985,644,0.3928583264350891,927,641,0.5651859641075134,1000,712,0.44326841831207275,913,704,0.5115298628807068
16,955,341,0.3982986509799957,1037,363,0.6165739297866821,899,368,0.6253615021705627,1074,271,0.5629018545150757,882,259,0.526765763759613,1084,217,0.41464829444885254,883,224,0.28500136733055115,1003,524,0.7633898854255676,916,525,0.6756483912467957,988,646,0.39557763934135437,923,643,0.561268150806427,1001,713,0.44479432702064514,911,706,0.5141302943229675
17,957,339,0.4137633144855499,1037,362,0.6170050501823425,898,366,0.6079644560813904,1073,268,0.5528600811958313,880,258,0.5443534255027771,1085,216,0.3974861204624176,884,223,0.2722998261451721,1002,524,0.7590554356575012,914,525,0.6677045226097107,994,648,0.4562353491783142,921,645,0.5611779689788818,1001,713,0.439006507396698,909,705,0.506969690322876
18,955,338,0.39091256260871887,1037,361,0.617943525314331,895,366,0.5870636701583862,1074,263,0.5378444790840149,879,254,0.5329142808914185,1084,215,0.3526344299316406,897,217,0.1698656976222992,999,524,0.7440460324287415,911,525,0.631775975227356,993,651,0.46368420124053955,909,647,0.5579624176025391,999,713,0.42712220549583435,901,704,0.4879405200481415
19,955,340,0.4041139781475067,1038,361,0.5868801474571228,895,366,0.5811072587966919,1075,264,0.5490337610244751,879,255,0.535581648349762,1085,216,0.3366008400917053,895,220,0.1753302365541458,999,524,0.733938992023468,910,525,0.6140642762184143,995,652,0.46028730273246765,908,647,0.5473757386207581,999,713,0.4260161519050598,898,706,0.4203525185585022
20,960,343,0.45039957761764526,1038,367,0.6073685884475708,901,370,0.6355972290039062,1076,276,0.5561943650245667,884,262,0.4933173656463623,1063,219,0.41574180126190186,886,227,0.3352421224117279,1002,528,0.7562857866287231,915,528,0.6717419028282166,989,649,0.43184617161750793,922,644,0.5583983063697815,999,712,0.4327923655509949,910,701,0.5037943124771118
21,961,338,0.4570305347442627,1037,368,0.6298429369926453,904,370,0.642974853515625,1072,272,0.5720863342285156,887,259,0.5159188508987427,1075,218,0.34222570061683655,891,227,0.2876508831977844,1000,525,0.7553180456161499,913,526,0.6500882506370544,988,649,0.42525550723075867,917,644,0.5599419474601746,984,711,0.46528753638267517,906,701,0.4904380440711975
22,961,335,0.45638221502304077,1034,372,0.6316111087799072,902,371,0.6372432112693787,1069,271,0.5415627956390381,887,258,0.5178056955337524,1071,221,0.3373311460018158,891,228,0.28187835216522217,999,523,0.7351987361907959,911,524,0.6044380068778992,988,647,0.37385863065719604,908,644,0.5505799055099487,996,712,0.40343523025512695,900,701,0.48317739367485046
23,960,333,0.42631393671035767,1032,374,0.6284608840942383,901,373,0.6355842351913452,1070,278,0.40069568157196045,885,261,0.5068105459213257,1059,233,0.40568193793296814,888,232,0.3191119432449341,999,524,0.7366426587104797,912,525,0.6112368106842041,989,647,0.3858462870121002,914,644,0.5429841876029968,997,713,0.40074479579925537,901,703,0.4719766676425934
24,956,343,0.44804689288139343,1026,376,0.6365710496902466,905,378,0.6347047090530396,1062,288,0.3506011366844177,884,279,0.33163321018218994,1052,236,0.4454782009124756,908,233,0.25936880707740784,1005,521,0.7104825377464294,920,522,0.6399628520011902,997,646,0.4624077379703522,934,640,0.5309950709342957,1013,713,0.4959418773651123,919,705,0.46075332164764404
25,955,345,0.46673041582107544,988,378,0.44163188338279724,912,382,0.40547218918800354,1056,284,0.25566741824150085,992,318,0.1992907077074051,1047,244,0.2678864002227783,1047,246,0.23946042358875275,995,520,0.5479017496109009,927,523,0.5460820198059082,983,656,0.4216618537902832,925,652,0.37814009189605713,1002,715,0.41166090965270996,908,705,0.375347763299942
26,946,343,0.41820457577705383,964,379,0.440531462430954,929,382,0.4260258972644806,1048,280,0.28546321392059326,1060,285,0.3226981461048126,1044,247,0.22147974371910095,1053,250,0.256669819355011,987,519,0.44964075088500977,938,523,0.49938762187957764,971,657,0.39022713899612427,924,653,0.38502073287963867,999,716,0.378251850605011,928,706,0.34615305066108704
27,951,342,0.45069172978401184,990,381,0.47717633843421936,910,383,0.39167454838752747,1056,282,0.2506398856639862,998,318,0.16795936226844788,1043,244,0.2582586705684662,900,243,0.17908026278018951,989,521,0.5044682025909424,927,524,0.5421404838562012,976,655,0.41874822974205017,929,651,0.36522889137268066,1002,716,0.3868260681629181,923,707,0.3756009638309479
28,956,345,0.43980830907821655,994,384,0.4723460376262665,914,386,0.4391384720802307,1057,291,0.25312474370002747,1000,322,0.181833416223526,1055,244,0.28623536229133606,919,241,0.13017763197422028,991,520,0.5090221166610718,927,523,0.5311723947525024,974,656,0.41417914628982544,926,651,0.3948041796684265,1001,716,0.3897647559642792,917,708,0.3706873059272766
29,952,344,0.3481768071651459,997,383,0.47362715005874634,918,383,0.4415825307369232,1060,295,0.25750383734703064,1000,324,0.1880156397819519,1055,239,0.31116151809692383,893,241,0.21401725709438324,989,519,0.493782103061676,928,522,0.5442178249359131,977,651,0.4503299295902252,914,646,0.45963266491889954,1003,716,0.40487316250801086,919,708,0.38732945919036865
30,954,347,0.3926500082015991,1003,374,0.42131638526916504,908,382,0.44442427158355713,1063,307,0.2947003245353699,942,320,0.178553968667984,1057,236,0.3774915635585785,919,238,0.15149974822998047,988,522,0.5577054023742676,918,523,0.5735398530960083,985,647,0.4854733645915985,929,642,0.5094835162162781,1005,714,0.43945077061653137,914,704,0.4297870993614197
31,965,345,0.47245410084724426,1027,379,0.6182607412338257,894,377,0.47313442826271057,1063,310,0.3681507110595703,883,287,0.33632221817970276,1059,239,0.4748117923736572,886,239,0.3194277584552765,990,523,0.6239042282104492,911,525,0.5570195913314819,980,650,0.32435303926467896,922,646,0.5408419370651245,1006,714,0.4245191216468811,908,704,0.46957480907440186
32,962,340,0.41553494334220886,1021,376,0.6355875730514526,892,379,0.5698601007461548,1059,309,0.3552550673484802,884,297,0.2509414553642273,1073,241,0.5526546239852905,882,236,0.39156800508499146,992,518,0.6219820976257324,911,521,0.5554550886154175,986,652,0.3446376919746399,919,648,0.5026984810829163,1008,716,0.4145156741142273,906,709,0.4603550434112549
33,949,334,0.3403242230415344,1018,371,0.6073703169822693,888,375,0.5710495114326477,1068,281,0.42816129326820374,882,276,0.3029281198978424,1070,230,0.43157973885536194,890,231,0.3061566948890686,991,516,0.5812302231788635,915,519,0.6484723687171936,983,649,0.35816657543182373,903,647,0.5695822238922119,1007,714,0.444860577583313,900,705,0.4900423586368561
34,954,327,0.2850310504436493,1018,368,0.630006730556488,894,371,0.6319394707679749,1062,295,0.40296390652656555,891,293,0.25406414270401,1058,253,0.3802742660045624,893,243,0.3206864595413208,992,513,0.557843029499054,914,516,0.6532045006752014,986,648,0.37657010555267334,905,646,0.5767666697502136,1006,713,0.43941953778266907,901,705,0.46894049644470215
35,957,326,0.2666383683681488,1022,367,0.6534972190856934,900,370,0.6792083978652954,1063,298,0.43993186950683594,888,291,0.2842058539390564,1056,254,0.3994785249233246,891,243,0.34142711758613586,993,514,0.5861477255821228,908,515,0.5172695517539978,987,645,0.40599408745765686,917,642,0.6199353933334351,1003,712,0.428009033203125,906,703,0.4676764905452728
36,961,336,0.38353729248046875,1024,365,0.6300468444824219,908,371,0.6536019444465637,1063,307,0.3754018545150757,876,296,0.32334309816360474,1066,237,0.3422919809818268,880,230,0.41971054673194885,1005,525,0.7422295212745667,918,525,0.6671299934387207,993,633,0.4917648732662201,908,628,0.5976318717002869,1010,710,0.5194347500801086,901,701,0.5093410015106201
37,960,337,0.40204399824142456,1023,367,0.6164400577545166,905,371,0.6429827213287354,1063,303,0.4000655710697174,876,295,0.32766613364219666,1064,239,0.3421037793159485,875,236,0.38353630900382996,998,525,0.695511519908905,913,525,0.6199899315834045,988,635,0.4741261303424835,916,632,0.5996066331863403,1009,709,0.5091285109519958,904,707,0.5090955495834351
38,963,335,0.39599213004112244,1022,368,0.6205191016197205,908,371,0.6304696798324585,1064,306,0.42112597823143005,900,339,0.2711697816848755,1063,244,0.3498653471469879,875,238,0.4197995662689209,998,521,0.6420266628265381,914,521,0.5840128660202026,986,633,0.4660376310348511,923,632,0.6025567650794983,1012,709,0.5350223183631897,906,709,0.5210090279579163
39,963,333,0.3773186504840851,1023,367,0.608583927154541,910,372,0.6167309880256653,1062,307,0.3924616277217865,905,341,0.2888805866241455,1076,237,0.3880338966846466,877,243,0.394042044878006,999,519,0.6149840950965881,915,519,0.5688273906707764,987,634,0.47529205679893494,925,634,0.6245414614677429,1011,709,0.5458256006240845,907,710,0.5315110683441162
40,964,336,0.41100555658340454,1027,368,0.6026366353034973,912,372,0.6163254380226135,1069,306,0.4882872998714447,909,339,0.24992933869361877,1086,235,0.42686760425567627,882,243,0.31594428420066833,1001,524,0.6836062073707581,915,523,0.6213773488998413,986,634,0.47086870670318604,916,631,0.6233885884284973,1005,709,0.5285150408744812,905,709,0.5451661944389343
41,961,338,0.4239403307437897,1024,371,0.5994449257850647,906,375,0.6271872520446777,1073,305,0.5000176429748535,904,341,0.2779483497142792,1084,240,0.3907456696033478,885,262,0.3875337839126587,1002,525,0.6841499209403992,914,525,0.6123802065849304,991,635,0.47504904866218567,909,632,0.6206306219100952,1006,710,0.5185166597366333,903,710,0.5529732704162598
42,961,337,0.48486727476119995,1030,371,0.5934815406799316,907,378,0.6107062697410583,1093,287,0.3988756537437439,867,281,0.358743280172348,1089,219,0.37784162163734436,885,257,0.2350224405527115,1004,524,0.6798964142799377,913,525,0.5916129946708679,1005,626,0.5604261159896851,907,629,0.6153048872947693,1010,709,0.5401291847229004,909,711,0.5409650206565857
43,963,340,0.5282643437385559,1030,377,0.5999331474304199,908,382,0.5641171932220459,1091,298,0.501502513885498,908,338,0.16819171607494354,1095,234,0.39977824687957764,888,257,0.25404563546180725,1006,528,0.6990005373954773,913,528,0.6077197790145874,1008,625,0.5447585582733154,908,631,0.6435238122940063,1015,707,0.554618775844574,910,709,0.5329681038856506
44,957,343,0.47171324491500854,1025,373,0.4792403280735016,908,378,0.4611833095550537,1080,304,0.4557300806045532,898,337,0.14775772392749786,1092,227,0.3812284767627716,868,235,0.28728801012039185,1010,529,0.7219674587249756,917,529,0.6448459029197693,1008,626,0.6238309144973755,906,627,0.5919833183288574,1020,708,0.5642314553260803,907,710,0.5025588274002075
45,960,338,0.43794602155685425,1029,375,0.5074933767318726,903,377,0.4703027904033661,1098,290,0.4921557307243347,857,274,0.32708215713500977,1101,227,0.5247073769569397,879,239,0.16416984796524048,1012,530,0.750428318977356,913,529,0.6432887315750122,1009,627,0.631321370601654,902,630,0.6385505795478821,1013,706,0.5478222966194153,905,707,0.5526343584060669
46,961,333,0.36153581738471985,1027,376,0.5234084725379944,898,376,0.4759189784526825,1090,300,0.4025706946849823,861,295,0.4260498881340027,1101,236,0.4500156044960022,868,243,0.2617807388305664,1014,527,0.7344357371330261,914,527,0.6315032243728638,1014,624,0.511595606803894,908,632,0.6225727200508118,1015,706,0.5540783405303955,907,709,0.5399075150489807
47,967,341,0.4766598045825958,1032,378,0.5353319048881531,907,378,0.5037217140197754,1095,306,0.3973671793937683,870,318,0.2949768006801605,1099,237,0.42433983087539673,861,241,0.3520614802837372,1012,529,0.7348228096961975,916,529,0.6522916555404663,1010,626,0.6267665028572083,907,630,0.6211622357368469,1015,706,0.5553809404373169,907,711,0.5406925678253174
48,961,348,0.4662166237831116,1029,382,0.5934156179428101,906,384,0.5994535684585571,1097,310,0.4459919333457947,866,315,0.4036598205566406,1107,233,0.5143817067146301,839,235,0.411408394575119,1004,531,0.6984421610832214,916,532,0.6694963574409485,1000,630,0.5616840720176697,908,631,0.6545588374137878,1007,709,0.5025372505187988,904,709,0.5820968747138977
49,967,349,0.36489835381507874,1032,388,0.5527369976043701,914,392,0.5878977179527283,1072,341,0.46644049882888794,879,340,0.32656851410865784,1115,250,0.6025751233100891,842,246,0.4984213709831238,997,529,0.6008687019348145,916,531,0.6033064126968384,995,629,0.4957302212715149,903,631,0.6218940019607544,1009,710,0.50398188829422,897,715,0.5226657390594482
50,970,354,0.43186110258102417,1030,386,0.5802403092384338,914,388,0.6023657917976379,1095,328,0.3545585572719574,865,318,0.471615731716156,1120,244,0.6232209801673889,835,240,0.4394761621952057,999,531,0.6449199318885803,918,532,0.6693365573883057,998,627,0.5182151198387146,905,630,0.6531699299812317,1009,710,0.516629695892334,900,716,0.5446350574493408
51,971,361,0.4906691312789917,1037,396,0.6000727415084839,917,397,0.6026623249053955,1092,333,0.3503284454345703,876,344,0.29917779564857483,1121,253,0.733228325843811,838,245,0.5745476484298706,1002,538,0.5756595730781555,918,539,0.6116155982017517,1000,634,0.5246691107749939,901,633,0.6240866184234619,1010,709,0.5107991099357605,897,712,0.5303640365600586
52,972,359,0.4632342755794525,1038,398,0.5771636366844177,919,398,0.5843600034713745,1096,334,0.3539784550666809,882,346,0.29327723383903503,1122,251,0.7102265357971191,839,246,0.604640781879425,999,537,0.6036525964736938,917,538,0.6020603179931641,1000,629,0.5105393528938293,899,630,0.631576418876648,1010,710,0.5305583477020264,897,714,0.5339318513870239
53,967,353,0.5144686102867126,1035,394,0.6311975121498108,909,393,0.7030627727508545,1099,328,0.40578553080558777,864,319,0.27504006028175354,1125,248,0.778878390789032,835,244,0.44601914286613464,1001,537,0.6699787378311157,915,538,0.6429235339164734,991,633,0.4945744276046753,898,632,0.5468106865882874,1002,708,0.5130128264427185,896,710,0.6012001037597656
54,968,354,0.38925719261169434,1033,393,0.6252413988113403,909,391,0.6894034743309021,1100,326,0.39447346329689026,864,319,0.2645689845085144,1125,245,0.7700372934341431,837,243,0.4430534839630127,1000,536,0.6666195392608643,915,537,0.6577393412590027,988,633,0.4720954895019531,901,631,0.5655074715614319,1001,707,0.48721843957901,894,709,0.5927947163581848
55,964,360,0.4614444971084595,1031,392,0.5843039155006409,914,393,0.620232880115509,1093,323,0.4005248546600342,865,316,0.3715769946575165,1125,244,0.7461398839950562,833,241,0.5348357558250427,999,536,0.637347400188446,919,538,0.6480849385261536,992,634,0.4935706853866577,904,628,0.5765515565872192,1004,709,0.4932713806629181,896,712,0.5749943852424622
56,971,358,0.4299846887588501,1034,392,0.6121052503585815,921,392,0.6215800642967224,1087,320,0.4516521692276001,866,300,0.36137890815734863,1130,252,0.5019950866699219,842,242,0.43282753229141235,1001,534,0.6749319434165955,920,535,0.682374119758606,994,633,0.4971373677253723,906,631,0.613277792930603,1008,709,0.520801842212677,901,713,0.5737738013267517
57,971,353,0.4072774648666382,1030,388,0.5714429020881653,914,387,0.5909481048583984,1092,307,0.4161863625049591,863,289,0.30865976214408875,1126,236,0.6401447653770447,866,234,0.24588939547538757,997,529,0.6636207103729248,915,531,0.6616265773773193,991,631,0.507897675037384,906,631,0.6185375452041626,1005,707,0.511283278465271,902,710,0.5694136023521423
58,977,354,0.4696059226989746,1036,388,0.5587868094444275,915,389,0.5936312079429626,1091,307,0.42946505546569824,864,291,0.35243040323257446,1128,236,0.663290798664093,873,233,0.22309339046478271,1000,531,0.6882544755935669,915,532,0.6648002862930298,996,630,0.5393633246421814,906,630,0.618106484413147,1005,708,0.5161622166633606,904,710,0.5757712125778198
59,984,348,0.45969879627227783,1037,386,0.5769224762916565,917,386,0.5688691139221191,1101,303,0.4212419390678406,862,288,0.38574281334877014,1127,233,0.5678032636642456,877,234,0.2133375108242035,1003,531,0.7234925627708435,914,532,0.6702145934104919,999,632,0.5398967266082764,906,631,0.635466456413269,1006,708,0.5203348398208618,905,709,0.5864632725715637
60,977,349,0.49744901061058044,1037,382,0.5653430223464966,916,383,0.5505577921867371,1096,297,0.3819841742515564,862,283,0.30230242013931274,1124,226,0.6811076998710632,869,234,0.15737521648406982,1005,531,0.7219273447990417,916,531,0.6880828142166138,997,631,0.5313230156898499,907,629,0.6147836446762085,1005,711,0.49462074041366577,904,710,0.5756503939628601
61,977,348,0.5109832286834717,1033,376,0.5124542117118835,908,380,0.47586920857429504,1099,293,0.37002405524253845,859,274,0.33722567558288574,1126,225,0.6231032013893127,878,229,0.1361502707004547,1005,526,0.7211583256721497,914,526,0.6409258842468262,988,630,0.5094836354255676,907,629,0.6208895444869995,1001,710,0.5108771920204163,904,710,0.5913963913917542
62,981,347,0.5880061388015747,1034,377,0.5048326253890991,915,379,0.46282726526260376,1091,299,0.42252928018569946,863,280,0.3661665916442871,1119,232,0.646897554397583,879,238,0.17329303920269012,1002,529,0.701337456703186,915,528,0.6549293398857117,994,630,0.5430728197097778,910,630,0.6433184742927551,1005,710,0.49963873624801636,905,713,0.5796881914138794
63,984,346,0.591823935508728,1041,380,0.57563316822052,910,380,0.5852210521697998,1093,298,0.41872072219848633,861,275,0.4800183176994324,1117,231,0.5437516570091248,885,234,0.15534763038158417,1001,531,0.714141309261322,911,530,0.6360365152359009,994,637,0.49131664633750916,917,633,0.5920795202255249,1005,710,0.46481308341026306,907,709,0.5636345744132996
64,991,345,0.557627260684967,1032,374,0.5294287800788879,914,377,0.5446024537086487,1101,298,0.5018186569213867,861,286,0.45560938119888306,1107,231,0.4012533128261566,885,235,0.21852236986160278,1005,530,0.7329177856445312,915,529,0.6568036079406738,1001,634,0.5131856799125671,918,632,0.5761826634407043,1009,711,0.4754626750946045,903,711,0.5345454812049866
65,981,333,0.4278385043144226,1034,374,0.6094871759414673,907,375,0.6696262955665588,1096,283,0.5012478828430176,864,269,0.49862074851989746,1104,222,0.3505324423313141,879,231,0.22179120779037476,1009,526,0.7719106674194336,911,526,0.606989324092865,997,639,0.507704496383667,918,637,0.6203789710998535,1005,709,0.4763457775115967,906,705,0.5201860666275024
66,966,341,0.5845571160316467,1038,373,0.46695029735565186,912,380,0.5643221735954285,1093,286,0.48176828026771545,865,282,0.4479098916053772,1096,222,0.469125360250473,883,226,0.2575647234916687,1004,535,0.6809879541397095,916,535,0.6582320332527161,986,643,0.47726795077323914,928,638,0.6122763752937317,1001,711,0.42012906074523926,908,712,0.5407748222351074
67,974,338,0.5563114285469055,1033,369,0.5220819115638733,914,374,0.5804301500320435,1092,291,0.4746081531047821,862,291,0.40534308552742004,1095,226,0.4752410054206848,881,229,0.2691459059715271,1005,529,0.7102767825126648,921,529,0.661785364151001,985,639,0.4881509840488434,911,631,0.5102401375770569,1001,712,0.4319663345813751,904,709,0.5101653933525085
68,973,337,0.5251078605651855,1030,374,0.5690163373947144,911,377,0.6217958927154541,1094,289,0.5145140290260315,866,293,0.47802743315696716,1093,226,0.43921563029289246,885,232,0.2928919792175293,1000,533,0.6850056052207947,916,532,0.6544561386108398,976,648,0.3841896951198578,925,642,0.5845795273780823,993,713,0.3939152657985687,904,711,0.4963395595550537
69,967,337,0.5010958313941956,1036,374,0.5240778923034668,907,378,0.6341133713722229,1090,291,0.4688967168331146,871,286,0.48891404271125793,1091,230,0.6099274754524231,886,232,0.2998250424861908,992,531,0.6348101496696472,912,531,0.6122702956199646,980,649,0.48542550206184387,925,640,0.54855877161026,974,712,0.44213739037513733,903,706,0.4633985757827759
70,971,337,0.529779314994812,1037,377,0.5833470225334167,909,376,0.6589106321334839,1091,290,0.5192998051643372,874,283,0.44452932476997375,1094,224,0.4493117034435272,879,231,0.42565107345581055,994,523,0.6783174276351929,907,523,0.5498403906822205,985,645,0.4635169804096222,908,638,0.5269799828529358,975,713,0.42619895935058594,897,708,0.4504164159297943
71,974,337,0.5247847437858582,1038,377,0.5676745176315308,910,379,0.629184365272522,1090,286,0.5102423429489136,876,282,0.4300517737865448,1094,225,0.5239424705505371,880,232,0.40072447061538696,1003,523,0.747225821018219,911,523,0.6184402704238892,987,645,0.3854321837425232,910,637,0.5271268486976624,982,713,0.43456724286079407,895,709,0.460748553276062
72,975,343,0.5836732983589172,1035,375,0.6192618608474731,915,377,0.6353318095207214,1070,298,0.4757823348045349,876,293,0.35241827368736267,1093,225,0.40761661529541016,881,229,0.43827569484710693,1008,530,0.7722567319869995,918,530,0.709335207939148,1010,641,0.5632906556129456,915,634,0.5913025140762329,1011,715,0.44784170389175415,907,712,0.5138816237449646
73,964,337,0.5087629556655884,1034,377,0.5932711958885193,911,380,0.6276101469993591,1090,283,0.4343537390232086,872,288,0.32309889793395996,1092,226,0.6657023429870605,877,229,0.4390626549720764,1005,525,0.7740558981895447,918,525,0.6825990676879883,1006,647,0.4811214804649353,916,641,0.5674712657928467,1027,718,0.37941092252731323,904,710,0.44316133856773376
74,967,335,0.5071198344230652,1035,375,0.5971562266349792,910,377,0.6563252210617065,1076,278,0.47288769483566284,869,274,0.39137202501296997,1089,222,0.5861243009567261,878,225,0.37379956245422363,1007,528,0.794513463973999,916,527,0.7018440961837769,1008,649,0.5826762318611145,918,640,0.5777539014816284,1009,715,0.39432087540626526,907,711,0.4835747480392456
75,966,334,0.4701281785964966,1035,375,0.5927046537399292,907,376,0.671406626701355,1071,286,0.49420982599258423,870,276,0.3618049919605255,1077,226,0.43760234117507935,876,227,0.42558470368385315,1002,525,0.7652084827423096,912,525,0.6524109840393066,1003,648,0.48948806524276733,916,642,0.578140914440155,1008,715,0.37153783440589905,912,714,0.48152580857276917
76,964,346,0.5372896194458008,1033,380,0.6019827127456665,911,378,0.4897873103618622,1072,293,0.46402356028556824,863,282,0.2856191098690033,1067,240,0.3833671510219574,882,236,0.34150826930999756,1011,537,0.7444816827774048,918,536,0.7153911590576172,1016,644,0.5693690180778503,917,637,0.5797452330589294,1017,712,0.4135229289531708,905,707,0.45818305015563965
77,968,344,0.5519806742668152,1032,373,0.4842907190322876,907,379,0.5158977508544922,1074,286,0.4762815535068512,863,282,0.4271450638771057,1073,235,0.316639244556427,873,237,0.3639422059059143,1011,537,0.7466117739677429,916,536,0.704759955406189,1016,644,0.5522024631500244,914,638,0.5775810480117798,1015,710,0.43839824199676514,910,703,0.49879270792007446
78,971,343,0.555863082408905,1029,375,0.4931963086128235,909,380,0.5092164278030396,1080,287,0.3586929440498352,868,283,0.23339933156967163,1065,242,0.3088371455669403,880,241,0.35879844427108765,1009,536,0.7492193579673767,914,535,0.6892445087432861,1017,643,0.5353094339370728,915,639,0.5539514422416687,1019,711,0.32147207856178284,915,709,0.5150940418243408
79,966,341,0.5083603858947754,1009,374,0.4435017704963684,913,380,0.4144268333911896,1072,278,0.3409304618835449,869,279,0.27660730481147766,1063,230,0.24781610071659088,876,241,0.2637390196323395,1003,530,0.7195762991905212,919,530,0.638184666633606,1012,645,0.4929792582988739,911,642,0.5126573443412781,1019,712,0.3216506838798523,916,709,0.4778139591217041
80,961,345,0.4633961319923401,998,376,0.44073501229286194,920,383,0.4455433189868927,1068,275,0.2933729588985443,872,270,0.2752886712551117,1059,228,0.21937887370586395,881,240,0.20092396438121796,996,529,0.6456290483474731,923,529,0.6227838397026062,997,646,0.403931200504303,914,642,0.46631816029548645,1004,711,0.4472756087779999,917,706,0.4550667405128479
81,952,349,0.3575736880302429,974,384,0.4040300250053406,941,391,0.4698188900947571,1056,284,0.282578706741333,1063,291,0.29534080624580383,1065,240,0.1906023621559143,1061,244,0.20020370185375214,991,525,0.5807472467422485,942,528,0.5929140448570251,983,647,0.3301011919975281,925,643,0.4277578592300415,999,711,0.40346628427505493,932,703,0.38025838136672974
82,952,354,0.2667403817176819,993,387,0.406076580286026,911,398,0.4769173562526703,1051,310,0.32100576162338257,947,321,0.20978295803070068,1037,256,0.3569113612174988,885,257,0.3314172327518463,1001,525,0.6508055329322815,928,528,0.6208252906799316,990,657,0.4208707809448242,914,648,0.39830365777015686,1020,718,0.3163827061653137,921,711,0.38198718428611755
83,958,359,0.36150309443473816,970,388,0.387616902589798,933,398,0.38818955421447754,1032,304,0.2667299807071686,1005,323,0.24152792990207672,1029,252,0.255575567483902,892,255,0.22504675388336182,991,525,0.5548444390296936,937,527,0.5819775462150574,980,652,0.4548143148422241,914,647,0.3836650848388672,1004,716,0.39409005641937256,921,711,0.35648801922798157
84,960,336,0.39331138134002686,1023,378,0.6042991280555725,908,379,0.4987037181854248,1062,314,0.44001203775405884,883,308,0.4211371839046478,1051,262,0.35986223816871643,887,252,0.41187041997909546,1010,530,0.7757469415664673,924,532,0.7483512759208679,1013,628,0.5456322431564331,913,628,0.504345178604126,1019,711,0.5426173210144043,920,710,0.47876545786857605
85,958,336,0.45409631729125977,1033,373,0.6219402551651001,897,380,0.6204158663749695,1069,292,0.4640578627586365,864,292,0.46020787954330444,1064,236,0.3731653392314911,876,239,0.32454755902290344,1016,532,0.7778022289276123,917,532,0.7037000060081482,1006,639,0.5552099347114563,938,637,0.49216702580451965,1012,709,0.47546955943107605,926,701,0.4908546805381775
86,964,334,0.44419074058532715,1033,379,0.6066346764564514,909,381,0.598900556564331,1074,304,0.43970614671707153,873,301,0.41483432054519653,1059,241,0.3512854278087616,878,243,0.5027148723602295,1018,531,0.7790423631668091,923,530,0.7465348839759827,1013,636,0.6120676398277283,923,634,0.5699888467788696,1018,712,0.4664745628833771,927,711,0.4943142533302307
87,966,342,0.5777316093444824,1040,371,0.5789033770561218,911,377,0.5971033573150635,1095,299,0.3727387487888336,867,309,0.3501986861228943,1089,236,0.5499308705329895,875,239,0.5062997341156006,1016,533,0.760963499546051,924,532,0.7420994639396667,1007,629,0.5659918189048767,918,625,0.5155513286590576,1017,707,0.5235069394111633,919,702,0.5441330671310425
88,965,335,0.5182324647903442,1036,371,0.5562777519226074,906,373,0.6285930871963501,1100,304,0.5149660110473633,873,311,0.3484930098056793,1104,237,0.5776137709617615,873,245,0.42101776599884033,1010,532,0.7864750027656555,919,532,0.7437210083007812,993,632,0.5243930220603943,913,629,0.5473774075508118,1005,705,0.5074378848075867,915,700,0.5654032826423645
89,968,337,0.5808244943618774,1039,373,0.5405405163764954,908,373,0.6004496812820435,1094,312,0.5680590867996216,864,301,0.4016762971878052,1109,243,0.475892573595047,868,249,0.428653359413147,1006,529,0.7700362205505371,919,529,0.7305942177772522,985,636,0.47942909598350525,919,629,0.5473801493644714,1003,708,0.5164791345596313,924,702,0.5383597612380981
90,972,346,0.6237713694572449,1042,374,0.4650028944015503,907,377,0.5967790484428406,1092,327,0.41765937209129333,869,324,0.4662446081638336,1123,252,0.7043337225914001,875,246,0.3973705768585205,1013,535,0.7289565205574036,922,534,0.7430816888809204,992,639,0.4946128726005554,923,632,0.5860702991485596,1006,709,0.48682716488838196,925,703,0.5296337604522705
91,991,341,0.599872887134552,1039,370,0.6009073853492737,911,372,0.6179354786872864,1119,335,0.3848038911819458,869,346,0.37676379084587097,1139,257,0.5088744759559631,872,247,0.44896644353866577,1022,535,0.7568456530570984,927,533,0.7735345363616943,1020,635,0.5998271107673645,931,632,0.6095235347747803,1015,709,0.5213128924369812,925,706,0.4390859603881836
92,984,352,0.6367571949958801,1039,375,0.46227312088012695,914,379,0.41220858693122864,1135,345,0.4726310670375824,858,345,0.4249178171157837,1157,273,0.6072061061859131,857,251,0.5339304208755493,1018,534,0.7077112793922424,929,534,0.7279326915740967,1015,631,0.5938888788223267,922,629,0.5491900444030762,1014,705,0.5475912094116211,920,703,0.5642921924591064
93,978,346,0.6686545610427856,1043,380,0.5764642953872681,906,381,0.3952270746231079,1150,358,0.4710644781589508,839,338,0.46042266488075256,1186,287,0.5907442569732666,858,259,0.595759391784668,1027,531,0.7124443650245667,931,530,0.7057885527610779,1015,629,0.5852561593055725,906,623,0.41764336824417114,1020,707,0.5221104621887207,903,708,0.5059318542480469
94,970,338,0.5817282795906067,1040,380,0.6368311643600464,909,378,0.598793089389801,1153,363,0.6198367476463318,851,360,0.3159729838371277,1197,297,0.6598661541938782,859,277,0.5051213502883911,1032,530,0.7222709655761719,931,531,0.7573625445365906,1014,631,0.6094541549682617,911,633,0.5240375995635986,1023,708,0.3367229104042053,905,705,0.4645945131778717
95,995,346,0.5700697302818298,1036,384,0.4665117561817169,938,389,0.49663984775543213,1149,368,0.4005155563354492,861,366,0.4017055928707123,1208,325,0.5445619821548462,864,299,0.432055801153183,1022,531,0.663463294506073,941,530,0.6630069017410278,1005,626,0.5830316543579102,917,624,0.419280469417572,1017,707,0.5216955542564392,916,706,0.37783876061439514
96,997,349,0.5006221532821655,1043,384,0.48629868030548096,909,386,0.45184263586997986,1145,412,0.45147705078125,863,426,0.3382125496864319,1204,399,0.6176853775978088,847,400,0.28876495361328125,1032,523,0.6386852860450745,937,522,0.6382580399513245,1009,620,0.6376674771308899,918,623,0.488052636384964,1025,713,0.512822687625885,907,717,0.4145035743713379
97,1001,350,0.5461127758026123,1075,391,0.5878123044967651,937,399,0.6070041060447693,1136,431,0.5375480055809021,877,446,0.3428266644477844,1176,426,0.474576860666275,854,459,0.25287747383117676,1042,528,0.6313244700431824,941,526,0.6875036954879761,1030,623,0.6719970107078552,928,623,0.6081482172012329,1028,712,0.5078511238098145,903,716,0.4544837772846222
98,1018,347,0.7612982988357544,1072,387,0.5111435055732727,943,390,0.48978838324546814,1134,448,0.43631136417388916,894,448,0.4264788329601288,1173,469,0.6380237340927124,850,476,0.35729116201400757,1046,527,0.6580124497413635,954,525,0.5457125902175903,1040,626,0.6373414993286133,953,627,0.6013991832733154,1028,710,0.5047281980514526,902,713,0.4625970125198364
99,1041,347,0.6473137736320496,1084,393,0.5158138275146484,968,394,0.5966384410858154,1135,461,0.38115015625953674,905,458,0.2963801920413971,1174,496,0.5506216883659363,863,486,0.3711290657520294,1053,530,0.5606262683868408,975,529,0.5429390668869019,1033,624,0.47712475061416626,961,619,0.3732478618621826,1019,707,0.39679768681526184,934,710,0.3454441428184509
100,1047,345,0.7197954058647156,1110,392,0.5490316152572632,961,391,0.5307362079620361,1137,457,0.33684051036834717,921,457,0.37254273891448975,1154,508,0.4290364980697632,886,502,0.4505701959133148,1068,531,0.6469004154205322,973,527,0.649543821811676,1045,620,0.41349902749061584,973,623,0.45686954259872437,1042,704,0.3076622784137726,949,712,0.40654316544532776
101,1055,343,0.7041459083557129,1113,391,0.5556745529174805,973,388,0.5781072974205017,1125,455,0.36745795607566833,942,457,0.39872077107429504,1181,514,0.4688097834587097,889,495,0.27017900347709656,1077,530,0.5408543944358826,991,527,0.578595757484436,1046,611,0.29369986057281494,1015,615,0.3709416687488556,1038,705,0.3334958851337433,1000,713,0.32615548372268677
102,1079,346,0.5989586114883423,1099,384,0.4478711485862732,989,384,0.35819578170776367,1123,453,0.3316388726234436,955,458,0.29215481877326965,1161,515,0.3894396424293518,939,498,0.32597842812538147,1063,522,0.43872156739234924,1002,520,0.4756036698818207,1036,615,0.28389015793800354,1017,616,0.38840335607528687,1038,710,0.3438319265842438,1015,714,0.3819057047367096
103,1078,344,0.5303077101707458,1106,381,0.3779098391532898,1006,379,0.388847678899765,1121,453,0.37436002492904663,980,451,0.3032086193561554,1140,516,0.2805820107460022,1022,500,0.18730555474758148,1061,529,0.44013410806655884,1013,527,0.4882670044898987,1046,632,0.42577365040779114,1046,631,0.43864670395851135,1052,731,0.25622692704200745,1058,721,0.32403382658958435
104,1110,344,0.6001062393188477,1118,386,0.4427148401737213,1022,386,0.45839425921440125,1133,456,0.39601656794548035,1014,460,0.2704786956310272,1161,520,0.30006927251815796,1144,516,0.3629763722419739,1059,527,0.49715209007263184,1018,526,0.5063568353652954,1047,629,0.450421005487442,1079,630,0.43760353326797485,1055,735,0.22717584669589996,1104,734,0.35517898201942444
105,1112,341,0.4379253089427948,1147,389,0.5599638223648071,1021,380,0.48256832361221313,1161,448,0.4036444127559662,987,447,0.3313129246234894,1178,516,0.39062562584877014,1007,495,0.21399973332881927,1088,524,0.5353971719741821,1020,522,0.5403470396995544,1080,624,0.52766352891922,1072,622,0.43402448296546936,1060,721,0.260367214679718,1115,721,0.27768591046333313
106,1124,339,0.5872621536254883,1140,383,0.460401713848114,1038,377,0.3638308346271515,1156,453,0.3685990869998932,1019,449,0.2753312587738037,1192,519,0.3567836582660675,1154,513,0.32263416051864624,1080,523,0.44900190830230713,1041,523,0.43933138251304626,1071,626,0.39795151352882385,1118,625,0.3402375876903534,1094,736,0.18188433349132538,1147,730,0.22299540042877197
107,1136,340,0.6445266604423523,1110,379,0.3324194550514221,1076,379,0.3878554403781891,1140,444,0.2831578254699707,1092,444,0.24210330843925476,1182,522,0.33012422919273376,1165,511,0.2586095333099365,1061,528,0.5238891243934631,1062,527,0.5303475260734558,1075,629,0.4167969822883606,1123,629,0.41675204038619995,1038,722,0.4424133896827698,1174,745,0.27982109785079956
108,1152,337,0.5408362150192261,1145,384,0.4354245662689209,1071,377,0.587331235408783,1168,451,0.4071606397628784,1047,453,0.2683444321155548,1212,523,0.44922491908073425,1116,511,0.15416063368320465,1101,532,0.5388484597206116,1055,531,0.5580141544342041,1086,626,0.322517454624176,1151,625,0.29419443011283875,1045,721,0.3705979585647583,1193,750,0.28245675563812256
109,1149,333,0.4374806582927704,1178,383,0.5493269562721252,1076,376,0.5796896815299988,1194,447,0.41214683651924133,1030,437,0.39545533061027527,1234,523,0.47783756256103516,1030,491,0.17466391623020172,1118,531,0.5322898030281067,1063,530,0.561995267868042,1104,623,0.37532249093055725,1163,623,0.36629346013069153,1047,724,0.45149001479148865,1210,754,0.3811824321746826
110,1181,330,0.5839198231697083,1143,366,0.49724280834198,1107,367,0.5978751182556152,1129,429,0.2767341434955597,1060,424,0.30840161442756653,1232,517,0.33971866965293884,1203,523,0.3137892484664917,1113,526,0.45867815613746643,1104,528,0.5344578623771667,1137,626,0.5205186605453491,1195,628,0.3726249933242798,1057,730,0.4054841101169586,1215,751,0.3983612656593323
111,1208,318,0.5633372068405151,1182,363,0.4959012269973755,1129,359,0.46961069107055664,1203,428,0.3784399926662445,1069,426,0.3700424134731293,1286,508,0.40854188799858093,1002,496,0.2814321219921112,1150,521,0.42450737953186035,1123,521,0.4790976643562317,1185,620,0.5476671457290649,1201,623,0.3680679202079773,1150,739,0.24344147741794586,1222,746,0.4175295829772949
112,1206,307,0.525092601776123,1228,364,0.5027565956115723,1115,346,0.597776472568512,1239,428,0.4101296067237854,1051,409,0.4659922122955322,1321,511,0.5432382225990295,986,480,0.34044066071510315,1195,521,0.6105526089668274,1116,517,0.4588763117790222,1181,626,0.46528586745262146,1195,624,0.3952086567878723,1141,744,0.2512693405151367,1210,752,0.3965519070625305
113,1221,304,0.6739178895950317,1252,364,0.620762050151825,1120,336,0.5819674730300903,1267,432,0.23115552961826324,1059,395,0.4420117139816284,1327,500,0.6397449970245361,1011,480,0.39524519443511963,1212,517,0.5933968424797058,1130,514,0.5304559469223022,1200,630,0.5445853471755981,1196,627,0.5496906042098999,1167,735,0.1934790313243866,1207,741,0.40163856744766235
114,1241,283,0.4449727535247803,1287,348,0.649517297744751,1133,326,0.7514778971672058,1306,431,0.4660835266113281,1080,401,0.3923494517803192,1353,488,0.5054931044578552,1041,463,0.27920952439308167,1256,523,0.6150965690612793,1152,520,0.5847328305244446,1276,621,0.6419691443443298,1221,623,0.5660980939865112,1206,735,0.33979108929634094,1203,754,0.4739528000354767
115,1309,280,0.5918533205986023,1335,350,0.7172611355781555,1172,323,0.8126896023750305,1390,422,0.5035473108291626,1126,399,0.3699429929256439,1446,471,0.590408980846405,1125,446,0.4165613353252411,1306,513,0.6240600943565369,1193,516,0.5788979530334473,1413,612,0.7097309231758118,1224,638,0.6921170949935913,1412,751,0.6835272908210754,1239,743,0.5625481605529785
116,1355,280,0.6018953323364258,1355,343,0.5960970520973206,1189,322,0.7768508791923523,1424,419,0.5181043148040771,1134,401,0.37668293714523315,1482,464,0.4895119369029999,1150,423,0.39753034710884094,1332,518,0.6810692548751831,1215,520,0.7585690021514893,1449,622,0.572025716304779,1226,642,0.6646491885185242,1478,754,0.5768724083900452,1223,751,0.6390190720558167
117,1353,276,0.5207598209381104,1396,345,0.6792575120925903,1201,316,0.7467988133430481,1442,432,0.5939763188362122,1149,374,0.21600911021232605,1541,466,0.5324292182922363,1156,420,0.4940340220928192,1341,516,0.6454737782478333,1224,516,0.6792174577713013,1466,622,0.5601359605789185,1222,641,0.6664811968803406,1530,759,0.5443578362464905,1223,758,0.5572163462638855
118,1407,267,0.4533671438694,1431,335,0.5848507285118103,1247,314,0.7414303421974182,1499,421,0.6824533939361572,1200,386,0.26574456691741943,1622,444,0.40252918004989624,1207,414,0.538938045501709,1388,517,0.7254732251167297,1259,518,0.7442938685417175,1503,630,0.6816279888153076,1260,625,0.6916984915733337,1620,765,0.5600472688674927,1218,747,0.6990257501602173
119,1479,267,0.511283278465271,1464,329,0.6802613139152527,1294,311,0.3968285024166107,1516,413,0.5167738199234009,1247,399,0.2941322326660156,1688,445,0.5782480239868164,1250,416,0.4523731768131256,1404,514,0.5590606331825256,1291,517,0.6314202547073364,1526,628,0.5376614928245544,1268,621,0.5223780870437622,1640,774,0.42913806438446045,1221,745,0.5430864691734314
120,1516,254,0.5498540997505188,1502,319,0.5635024905204773,1330,295,0.7943934798240662,1596,397,0.71714186668396,1260,376,0.6202868223190308,1753,429,0.44612690806388855,1269,421,0.43416234850883484,1475,504,0.7205966114997864,1350,504,0.768913984298706,1595,618,0.6677128672599792,1311,619,0.6431769132614136,1658,784,0.7131715416908264,1220,752,0.719487726688385
121,1576,253,0.6050624251365662,1515,303,0.44871267676353455,1418,286,0.6570451259613037,1638,389,0.41097375750541687,1619,385,0.32037127017974854,1692,418,0.2198350876569748,1677,418,0.22533954679965973,1450,503,0.4630836844444275,1462,508,0.39079463481903076,1343,608,0.4385188817977905,1649,624,0.4777625799179077,1239,747,0.5318894982337952,1657,784,0.6253557205200195
122,1594,248,0.30574265122413635,1422,283,0.5418810248374939,1588,283,0.43809667229652405,1337,392,0.374458909034729,1717,365,0.42788341641426086,1338,442,0.43953555822372437,1722,405,0.27936506271362305,1407,477,0.6233564019203186,1571,479,0.5747669339179993,1397,596,0.5168376564979553,1633,620,0.41523709893226624,1293,725,0.5856958031654358,1665,788,0.6691085696220398
123,1651,244,0.3663387894630432,1470,268,0.5607174038887024,1618,273,0.3059774339199066,1383,364,0.41764035820961,1753,360,0.37376081943511963,1361,451,0.4809899628162384,1719,431,0.20899119973182678,1433,468,0.46625834703445435,1587,474,0.5187312364578247,1409,610,0.5276909470558167,1646,616,0.5623512268066406,1332,746,0.617064893245697,1661,788,0.6515925526618958
124,1643,221,0.22170504927635193,1491,251,0.4462754428386688,1660,267,0.5180574655532837,1386,351,0.3710657060146332,1784,363,0.45379865169525146,1352,443,0.44008681178092957,1824,398,0.3653547763824463,1444,452,0.6636558175086975,1607,462,0.6279049515724182,1425,602,0.5139625072479248,1645,615,0.6420834064483643,1349,748,0.607440173625946,1656,788,0.6903920769691467
125,1646,228,0.2586313486099243,1544,254,0.42769917845726013,1643,266,0.34472405910491943,1401,352,0.375414103269577,1813,362,0.3447376787662506,1361,444,0.43795353174209595,1840,401,0.30126357078552246,1476,456,0.513496458530426,1602,463,0.479261189699173,1433,603,0.5045696496963501,1662,617,0.4224901795387268,1367,753,0.5106689929962158,1658,781,0.5313757061958313
126,1645,207,0.16430655121803284,1498,248,0.4735669493675232,1712,271,0.4622560143470764,1401,359,0.4071723520755768,1831,373,0.5233672261238098,1363,449,0.5293242335319519,1861,422,0.20924685895442963,1466,457,0.6179603338241577,1626,467,0.6213510036468506,1446,605,0.5715994834899902,1642,620,0.5806922316551208,1382,755,0.6763786673545837,1656,775,0.6618443727493286
127,1639,217,0.19302186369895935,1519,248,0.4837645888328552,1721,273,0.34328606724739075,1399,361,0.3990439474582672,1844,372,0.5418417453765869,1363,449,0.5490210652351379,1844,409,0.43535712361335754,1476,455,0.5903119444847107,1621,463,0.5765842795372009,1448,609,0.47609880566596985,1646,616,0.5354806780815125,1395,759,0.6223357915878296,1654,770,0.6361778974533081
128,1634,220,0.1952361762523651,1525,252,0.49006330966949463,1731,273,0.3155009150505066,1417,346,0.3730762302875519,1844,365,0.49792855978012085,1369,441,0.5032893419265747,1837,406,0.33779093623161316,1487,446,0.4619120955467224,1649,459,0.47087979316711426,1454,606,0.4892882704734802,1668,606,0.4966087341308594,1406,745,0.4094330370426178,1659,767,0.5150512456893921
129,1619,237,0.16997623443603516,1529,264,0.47427958250045776,1748,279,0.44224268198013306,1432,357,0.3992531895637512,1849,360,0.40693187713623047,1377,448,0.5201749801635742,1836,390,0.23291058838367462,1482,460,0.4880410134792328,1662,472,0.43994325399398804,1461,614,0.5612810254096985,1672,621,0.48444774746894836,1411,752,0.6036625504493713,1665,780,0.5641310811042786
130,1630,212,0.13642120361328125,1519,252,0.5013825297355652,1747,267,0.44215285778045654,1427,357,0.41345176100730896,1843,363,0.4497326612472534,1391,445,0.39390701055526733,1833,400,0.24332508444786072,1490,448,0.5096843242645264,1660,457,0.4864758253097534,1465,610,0.49115633964538574,1659,618,0.5348765850067139,1413,761,0.6601183414459229,1663,783,0.6111758947372437
131,1646,226,0.19465672969818115,1531,268,0.4102086126804352,1736,268,0.451600044965744,1442,361,0.35752221941947937,1845,366,0.5284942984580994,1397,451,0.4312121272087097,1842,409,0.2665952146053314,1497,451,0.5371854305267334,1661,457,0.5538170337677002,1478,614,0.5398038625717163,1662,620,0.5658825635910034,1420,762,0.664889931678772,1663,780,0.6115390658378601
132,1643,219,0.22387613356113434,1540,259,0.5923600792884827,1761,268,0.4094334840774536,1444,357,0.3840564787387848,1856,383,0.5544173717498779,1409,445,0.5243203639984131,1824,461,0.11786365509033203,1505,450,0.4832613170146942,1673,464,0.5397297739982605,1485,609,0.486667275428772,1673,631,0.5422480702400208,1419,757,0.6490927934646606,1667,801,0.569532036781311
133,1717,224,0.18626834452152252,1774,263,0.27176472544670105,1576,257,0.49688297510147095,1851,377,0.29337742924690247,1462,351,0.3641147315502167,1761,433,0.1256784051656723,1420,435,0.5677899122238159,1650,466,0.4211396872997284,1557,464,0.4536309242248535,1658,631,0.3644862473011017,1535,620,0.2942439317703247,1665,790,0.42426010966300964,1437,759,0.3017660975456238
134,1671,231,0.17288462817668915,1569,259,0.4178222119808197,1754,268,0.2952817380428314,1463,357,0.3386881947517395,1861,375,0.3045099675655365,1414,441,0.4762667119503021,1870,414,0.18295714259147644,1529,451,0.3947523534297943,1661,461,0.4088073670864105,1499,605,0.4504164457321167,1671,622,0.4679807424545288,1455,762,0.36252161860466003,1661,786,0.3320366442203522
135,1650,243,0.18973739445209503,1656,275,0.2201860398054123,1653,282,0.2576671242713928,1471,367,0.21994277834892273,1472,365,0.23735640943050385,1418,443,0.34984615445137024,1420,437,0.33297914266586304,1609,474,0.3479054272174835,1615,477,0.35929685831069946,1614,620,0.32660314440727234,1585,620,0.3012157380580902,1666,783,0.42091304063796997,1641,782,0.20835444331169128
136,1653,225,0.1502700299024582,1550,270,0.4707399010658264,1769,276,0.4111301600933075,1459,360,0.34035536646842957,1862,380,0.3697623014450073,1422,446,0.4837251901626587,1883,424,0.12088518589735031,1510,471,0.4235626757144928,1691,478,0.46525710821151733,1488,610,0.476802259683609,1666,640,0.4827345609664917,1438,761,0.46619564294815063,1657,789,0.5532178282737732
137,1650,240,0.20467427372932434,1544,287,0.4201303720474243,1757,291,0.33899828791618347,1451,371,0.2823126018047333,1856,390,0.31125661730766296,1418,441,0.5106056928634644,1882,434,0.18383945524692535,1518,477,0.44339779019355774,1689,485,0.4498670697212219,1506,607,0.3928597867488861,1663,630,0.42856207489967346,1451,758,0.3335173428058624,1659,786,0.24077676236629486
138,1646,260,0.20806583762168884,1580,304,0.3169063329696655,1709,306,0.3011731803417206,1448,379,0.2674291431903839,1753,406,0.12755317986011505,1422,443,0.42963674664497375,1870,389,0.25435635447502136,1571,491,0.34166979789733887,1654,496,0.38281717896461487,1556,618,0.3558945655822754,1613,632,0.33640384674072266,1657,787,0.4280020296573639,1643,782,0.2825271487236023
139,1645,235,0.18753163516521454,1542,286,0.4460892975330353,1757,287,0.38129961490631104,1448,373,0.30441316962242126,1852,387,0.3427511751651764,1413,442,0.5302319526672363,1878,427,0.1834096908569336,1525,473,0.43634045124053955,1691,481,0.45586201548576355,1516,605,0.4307557940483093,1673,637,0.4278101325035095,1464,762,0.43399181962013245,1653,787,0.4107186794281006
140,1648,233,0.1431550830602646,1573,274,0.3040298521518707,1719,284,0.2585373520851135,1464,363,0.2732278108596802,1845,372,0.26397645473480225,1416,444,0.46058493852615356,1853,390,0.2890576422214508,1564,464,0.413199245929718,1665,475,0.3767212927341461,1550,617,0.3120914101600647,1653,635,0.337258517742157,1657,786,0.40532058477401733,1634,785,0.2482440322637558
141,1641,255,0.18154877424240112,1583,286,0.28879716992378235,1655,292,0.22818638384342194,1474,364,0.25749748945236206,1740,389,0.13942986726760864,1423,440,0.39178240299224854,1434,439,0.30591025948524475,1577,465,0.397536963224411,1645,476,0.36029112339019775,1591,624,0.22082360088825226,1630,632,0.2952194809913635,1659,785,0.43757301568984985,1637,782,0.26151931285858154
142,1658,269,0.2099553644657135,1723,298,0.19197209179401398,1548,302,0.36951109766960144,1783,378,0.13347849249839783,1466,363,0.2406281679868698,1789,420,0.09968717396259308,1437,439,0.3870868980884552,1658,482,0.358729749917984,1566,493,0.319715291261673,1679,643,0.2764001190662384,1539,627,0.3204328715801239,1655,795,0.4628378748893738,1504,782,0.29879030585289
143,1652,264,0.2122042328119278,1723,300,0.2067449688911438,1546,300,0.38326922059059143,1757,398,0.15336576104164124,1453,368,0.2324640154838562,1770,443,0.09451521188020706,1434,439,0.3689619302749634,1662,498,0.3046188950538635,1565,499,0.33738964796066284,1675,645,0.27934595942497253,1548,633,0.3512099087238312,1663,799,0.27037763595581055,1513,791,0.3276214897632599
144,1661,227,0.17354662716388702,1543,263,0.5466662645339966,1778,264,0.4863831102848053,1475,344,0.3092341423034668,1844,384,0.45946669578552246,1430,440,0.4554467499256134,1869,434,0.21491990983486176,1518,449,0.49784260988235474,1699,463,0.5219223499298096,1543,627,0.5005515813827515,1708,636,0.4783932566642761,1503,779,0.5720877647399902,1667,802,0.5194657444953918
145,1676,204,0.11597400903701782,1549,238,0.413397878408432,1787,241,0.33492130041122437,1481,336,0.45060229301452637,1829,371,0.2925628423690796,1438,437,0.5061932802200317,1857,441,0.24548664689064026,1531,446,0.3952992856502533,1692,461,0.4292415678501129,1546,629,0.47254759073257446,1687,637,0.5656899809837341,1559,800,0.36552754044532776,1627,805,0.4170476496219635
146,1735,280,0.25068533420562744,1571,253,0.4252510964870453,1743,270,0.2830483913421631,1483,334,0.3512978255748749,1802,379,0.24840638041496277,1441,438,0.4222436547279358,1840,448,0.31728383898735046,1560,457,0.41859740018844604,1651,475,0.38679832220077515,1582,632,0.355448454618454,1669,636,0.3927804231643677,1622,796,0.3565842807292938,1606,801,0.2856391370296478
147,1731,237,0.23753221333026886,1572,248,0.39168477058410645,1707,253,0.3012661337852478,1490,332,0.32186606526374817,1699,372,0.13590574264526367,1439,440,0.3968680799007416,1823,446,0.2055528163909912,1559,457,0.4157004952430725,1651,473,0.37594565749168396,1596,643,0.3015379011631012,1673,645,0.3388632535934448,1636,802,0.3802354335784912,1592,808,0.2944337725639343
148,1740,247,0.2451346516609192,1645,265,0.23783378303050995,1628,261,0.2919158637523651,1551,364,0.20359958708286285,1528,352,0.19975051283836365,1443,441,0.3267579674720764,1453,439,0.4317161440849304,1615,477,0.38132020831108093,1612,481,0.3945131003856659,1667,651,0.28698182106018066,1633,659,0.2218560427427292,1648,805,0.3599788546562195,1562,810,0.3826245665550232
149,1726,315,0.2533752918243408,1716,344,0.2361878901720047,1569,335,0.27965888381004333,1757,440,0.2114153355360031,1485,389,0.24449215829372406,1789,447,0.16415736079216003,1437,446,0.3771548867225647,1673,526,0.3631778359413147,1580,541,0.3298077881336212,1703,665,0.3566841781139374,1589,682,0.23706384003162384,1670,802,0.3900066912174225,1558,808,0.351701557636261
150,1723,328,0.31570884585380554,1714,379,0.3201735019683838,1558,362,0.3320026695728302,1753,462,0.23496192693710327,1471,413,0.2802686095237732,1800,461,0.16858381032943726,1433,449,0.3786475658416748,1661,550,0.36841726303100586,1576,563,0.32810965180397034,1703,667,0.3579876720905304,1585,686,0.23897689580917358,1666,802,0.33865809440612793,1559,807,0.33744511008262634
151,1728,330,0.34302160143852234,1691,390,0.3069796562194824,1571,388,0.36417728662490845,1750,484,0.2505601644515991,1467,424,0.26783645153045654,1816,509,0.12460089474916458,1446,454,0.39601805806159973,1670,588,0.25437965989112854,1579,589,0.3031492829322815,1684,710,0.25368767976760864,1587,719,0.31039124727249146,1650,810,0.29590147733688354,1585,815,0.3455493748188019
152,1740,330,0.3531194031238556,1689,385,0.3202389180660248,1563,375,0.3379974663257599,1743,478,0.24064548313617706,1466,422,0.2831483483314514,1816,498,0.18517012894153595,1444,454,0.41641223430633545,1661,576,0.3344467282295227,1582,577,0.3297227621078491,1681,710,0.23458831012248993,1590,716,0.3017517924308777,1648,807,0.2961761951446533,1590,815,0.3589603900909424
153,1731,329,0.35982784628868103,1691,379,0.2986983358860016,1557,364,0.3347927927970886,1733,470,0.24723005294799805,1475,414,0.27208980917930603,1783,493,0.17221173644065857,1444,453,0.38156551122665405,1674,569,0.27934423089027405,1585,566,0.2821161150932312,1684,689,0.2440824955701828,1590,710,0.22750453650951385,1649,804,0.290995329618454,1587,814,0.34851062297821045
154,1673,265,0.18607503175735474,1727,290,0.3173699676990509,1546,283,0.40259164571762085,1745,391,0.22395454347133636,1463,359,0.2533782422542572,1753,459,0.1523018777370453,1439,444,0.3628247082233429,1679,498,0.35385289788246155,1577,495,0.3506425619125366,1692,644,0.3254255950450897,1583,648,0.37783893942832947,1656,805,0.4089149236679077,1570,814,0.38589558005332947
155,1685,249,0.26504796743392944,1687,272,0.29282665252685547,1584,273,0.2927413284778595,1693,386,0.16985072195529938,1481,340,0.30023494362831116,1737,439,0.12549638748168945,1446,443,0.3599827289581299,1658,480,0.3396039605140686,1606,480,0.34191372990608215,1683,633,0.35526883602142334,1587,642,0.2523742616176605,1653,802,0.34897443652153015,1571,810,0.38135287165641785
156,1611,190,0.1646842360496521,1510,246,0.4342533349990845,1728,246,0.30936962366104126,1447,357,0.43464958667755127,1758,349,0.28499412536621094,1432,448,0.4272042512893677,1755,413,0.22874823212623596,1553,449,0.4686330258846283,1706,450,0.4430636763572693,1559,631,0.5364041924476624,1714,630,0.5542835593223572,1563,805,0.3807108402252197,1672,804,0.5011583566665649
157,1613,301,0.24269454181194305,1527,318,0.3044689893722534,1733,346,0.2931627035140991,1459,393,0.2412809282541275,1763,438,0.3027251064777374,1437,455,0.37128961086273193,1739,520,0.18029916286468506,1576,534,0.2831140160560608,1685,539,0.30075252056121826,1566,660,0.3943602442741394,1675,659,0.2229515165090561,1613,805,0.35191479325294495,1624,801,0.2830377519130707
158,1649,241,0.2946515381336212,1565,273,0.3197656571865082,1673,284,0.34611544013023376,1476,359,0.18791206181049347,1674,391,0.15963533520698547,1447,447,0.38776376843452454,1770,446,0.1739560216665268,1598,483,0.42102405428886414,1656,488,0.42056649923324585,1601,652,0.3138066828250885,1628,650,0.2786724865436554,1637,807,0.35690104961395264,1601,807,0.28154289722442627
159,1613,252,0.21898247301578522,1557,279,0.3515876233577728,1663,286,0.3362489938735962,1449,367,0.32168176770210266,1747,398,0.1750461757183075,1448,458,0.45462602376937866,1763,496,0.19783246517181396,1598,503,0.4255644679069519,1661,506,0.4019711911678314,1613,653,0.34035927057266235,1629,651,0.32371342182159424,1642,806,0.36744508147239685,1606,804,0.2636004686355591
160,1609,230,0.2952835261821747,1489,261,0.5289101004600525,1730,282,0.5975805521011353,1441,363,0.4670936167240143,1782,398,0.3976472020149231,1446,451,0.48617181181907654,1764,500,0.33562174439430237,1550,502,0.5585851073265076,1705,502,0.5744186043739319,1547,644,0.5934141874313354,1679,646,0.49435412883758545,1571,802,0.422509104013443,1661,801,0.4164123237133026
161,1601,250,0.25297486782073975,1484,273,0.5975452661514282,1720,298,0.5135282874107361,1450,370,0.4283198118209839,1781,410,0.3891333043575287,1456,451,0.4813668429851532,1783,493,0.33704692125320435,1548,503,0.5057214498519897,1700,503,0.5498641133308411,1550,653,0.4365789294242859,1687,647,0.4632920026779175,1567,803,0.40338966250419617,1664,799,0.43924546241760254
162,1610,256,0.26515546441078186,1488,276,0.5568873286247253,1717,303,0.44304710626602173,1446,375,0.36754488945007324,1778,421,0.3433300852775574,1465,456,0.4363955557346344,1788,489,0.26040199398994446,1543,502,0.4378430247306824,1702,505,0.46860408782958984,1555,661,0.4339783787727356,1680,653,0.5093467235565186,1580,809,0.44136232137680054,1660,806,0.38242387771606445
163,1611,274,0.2210085391998291,1485,285,0.39766526222229004,1713,321,0.35274195671081543,1442,373,0.3893097937107086,1786,422,0.3756088316440582,1464,460,0.45286911725997925,1818,494,0.370196670293808,1554,501,0.395492285490036,1703,507,0.4588550329208374,1562,657,0.35065531730651855,1681,652,0.4785757064819336,1588,807,0.39811062812805176,1655,805,0.33140993118286133
164,1619,269,0.2592260539531708,1481,278,0.5324103236198425,1708,309,0.34986671805381775,1443,369,0.3578803539276123,1782,417,0.43168532848358154,1473,455,0.3309784233570099,1846,491,0.38186144828796387,1552,495,0.3856901526451111,1700,499,0.45977839827537537,1569,657,0.3328118324279785,1684,651,0.5211849808692932,1591,807,0.4043359160423279,1659,806,0.36857861280441284
165,1617,267,0.2763611376285553,1476,272,0.4877929985523224,1708,304,0.39162498712539673,1435,367,0.3521881699562073,1784,411,0.37278786301612854,1477,452,0.40285030007362366,1827,485,0.34811267256736755,1541,503,0.4642055034637451,1705,502,0.5062341690063477,1555,660,0.38378527760505676,1686,654,0.5573900938034058,1583,806,0.4354287385940552,1662,807,0.40922045707702637
166,1616,244,0.3000630736351013,1480,257,0.440572589635849,1685,286,0.3965567648410797,1428,358,0.3266666829586029,1767,401,0.33530616760253906,1481,456,0.42070654034614563,1823,480,0.28273487091064453,1560,502,0.4158842861652374,1703,501,0.40689048171043396,1590,659,0.27628397941589355,1683,650,0.4317767322063446,1619,807,0.3582744002342224,1639,805,0.391059011220932
167,1605,263,0.2695366442203522,1562,268,0.2592616379261017,1650,283,0.3746264576911926,1436,355,0.245644673705101,1753,392,0.20195221900939941,1479,449,0.37470105290412903,1810,466,0.24679818749427795,1604,499,0.3677174150943756,1663,502,0.36395010352134705,1640,654,0.28373196721076965,1654,651,0.3835981786251068,1648,807,0.3955354392528534,1624,802,0.2970442473888397
168,1557,235,0.2431275099515915,1450,258,0.5607874393463135,1679,276,0.4527728855609894,1432,348,0.5248305797576904,1758,386,0.524598240852356,1470,452,0.480688214302063,1814,458,0.30249372124671936,1526,472,0.48969119787216187,1698,474,0.4959741234779358,1531,630,0.4675365388393402,1670,630,0.5523873567581177,1550,794,0.457506000995636,1650,801,0.6104834675788879
169,1563,302,0.29951444268226624,1465,284,0.425194650888443,1692,321,0.318151593208313,1436,368,0.3742946684360504,1774,409,0.2888624966144562,1474,456,0.40879735350608826,1798,445,0.25575876235961914,1550,497,0.3105463683605194,1670,499,0.33190351724624634,1560,630,0.3400789201259613,1645,635,0.24982163310050964,1609,795,0.2970869541168213,1628,795,0.371481329202652
170,1573,306,0.2944587469100952,1553,310,0.191437229514122,1669,320,0.2642638683319092,1438,373,0.3152054250240326,1776,415,0.2890046238899231,1473,455,0.3306431472301483,1791,446,0.21027390658855438,1566,515,0.33703890442848206,1655,517,0.3088743984699249,1592,641,0.23236191272735596,1618,642,0.2544855773448944,1632,797,0.328652948141098,1621,792,0.32171276211738586
171,1559,309,0.2439902126789093,1479,306,0.21520669758319855,1707,342,0.3401409387588501,1441,373,0.36777228116989136,1777,432,0.283914178609848,1463,455,0.4987829923629761,1793,464,0.19728632271289825,1529,516,0.3693232536315918,1674,518,0.31534817814826965,1554,641,0.3935491740703583,1652,647,0.3389470875263214,1607,791,0.2716178297996521,1629,790,0.354068785905838
172,1570,295,0.2722196877002716,1451,276,0.4658660590648651,1705,319,0.35146287083625793,1436,371,0.390371173620224,1764,408,0.35899868607521057,1452,462,0.4713939130306244,1815,469,0.28623977303504944,1526,513,0.3885699510574341,1696,513,0.3415113687515259,1554,646,0.3006998896598816,1659,647,0.3773086965084076,1608,795,0.3089780807495117,1628,798,0.39178115129470825
173,1560,274,0.22154252231121063,1445,267,0.44651874899864197,1696,301,0.41317567229270935,1436,364,0.38893038034439087,1745,391,0.3496321439743042,1441,452,0.4839169979095459,1819,472,0.3515092730522156,1521,482,0.3914226293563843,1698,492,0.35847631096839905,1544,637,0.4159336984157562,1672,638,0.4397059977054596,1604,794,0.3104690909385681,1630,797,0.4106791913509369
174,1518,323,0.24593275785446167,1452,288,0.5200650095939636,1714,338,0.3337571620941162,1447,389,0.37428364157676697,1759,431,0.35127413272857666,1445,469,0.4708593487739563,1754,482,0.1462615579366684,1536,500,0.3777712881565094,1700,499,0.3155781030654907,1542,633,0.33478987216949463,1670,637,0.3589441478252411,1603,792,0.31081321835517883,1630,786,0.3838908076286316
175,1532,281,0.22141265869140625,1479,287,0.3279946744441986,1677,306,0.37161189317703247,1440,382,0.35104799270629883,1748,401,0.30237531661987305,1432,462,0.3504909574985504,1774,461,0.3018370270729065,1554,501,0.37351110577583313,1692,500,0.36476990580558777,1553,651,0.2922358810901642,1661,652,0.3984405994415283,1597,799,0.2679724097251892,1634,800,0.37962356209754944
176,1540,286,0.1445971429347992,1473,294,0.34234946966171265,1662,303,0.4379527270793915,1443,388,0.333659291267395,1735,398,0.28709518909454346,1413,475,0.514682948589325,1757,477,0.2416786402463913,1552,498,0.33829420804977417,1686,498,0.36432963609695435,1551,650,0.304458886384964,1670,651,0.4041348695755005,1583,802,0.3181733787059784,1649,803,0.42561930418014526
177,1509,295,0.1976855993270874,1472,314,0.2849380671977997,1672,325,0.3413172662258148,1436,395,0.3057810664176941,1721,405,0.32272762060165405,1405,474,0.46597400307655334,1727,479,0.20650650560855865,1538,497,0.4042949676513672,1682,498,0.40385574102401733,1539,648,0.32991060614585876,1665,650,0.45147380232810974,1577,802,0.3263058066368103,1648,802,0.48451194167137146
178,1537,292,0.15736347436904907,1471,308,0.27130255103111267,1669,323,0.31289902329444885,1429,391,0.355359822511673,1710,404,0.34809303283691406,1404,476,0.4820091724395752,1730,497,0.1441786289215088,1536,496,0.38875988125801086,1677,498,0.37017619609832764,1538,647,0.3040216267108917,1661,651,0.4432678520679474,1581,801,0.3314739763736725,1640,801,0.47552910447120667
