FrameNo, head_x,head_y,head_z,left_shoulder_x,left_shoulder_y,left_shoulder_z,left_elbow_x,left_elbow_y,left_elbow_z,right_shoulder_x,right_shoulder_y,right_shoulder_z,right_elbow_x,right_elbow_y,right_elbow_z,left_hand_x,left_hand_y,left_hand_z,right_hand_x,right_hand_y,right_hand_z,left_hip_x,left_hip_y,left_hip_z,right_hip_x,right_hip_y,right_hip_z,left_knee_x,left_knee_y,left_knee_z,right_knee_x,right_knee_y,right_knee_z,left_foot_x,left_foot_y,left_foot_z,right_foot_x,right_foot_y,right_foot_z
31,0.032833,0.73149,-0.056109,-0.13583,0.53831,-0.053099,-0.24326,0.76219,-0.10363,0.17735,0.53023,-0.047505,0.27305,0.77233,-0.081755,-0.28876,0.96385,-0.15786,0.30181,0.97503,-0.12416,-0.064847,0.034995,-0.058212,0.078986,0.034667,-0.058283,-0.11527,-0.31014,-0.038766,0.11891,-0.31065,-0.025533,-0.11976,-0.62294,-0.008536,0.13602,-0.64733,-0.011825
32,0.032912,0.73208,-0.056609,-0.13542,0.53928,-0.052481,-0.24035,0.76707,-0.099539,0.17731,0.53058,-0.046883,0.27016,0.77354,-0.077397,-0.284,0.96913,-0.1494,0.29815,0.97899,-0.11627,-0.064392,0.036345,-0.058193,0.079458,0.036091,-0.058262,-0.11475,-0.30901,-0.039145,0.119,-0.30995,-0.025696,-0.11969,-0.62258,-0.008609,0.13612,-0.64733,-0.011839
33,0.032927,0.7327,-0.056956,-0.13489,0.54092,-0.051349,-0.23776,0.77026,-0.09546,0.17728,0.53087,-0.046365,0.2678,0.77458,-0.07373,-0.27954,0.97376,-0.14182,0.29531,0.98203,-0.11002,-0.063951,0.037694,-0.058081,0.079927,0.037527,-0.058046,-0.11415,-0.30788,-0.039487,0.11909,-0.30915,-0.025826,-0.11959,-0.62222,-0.008673,0.13625,-0.64733,-0.011861
34,0.032935,0.73327,-0.057132,-0.1344,0.54253,-0.050266,-0.23544,0.77285,-0.091744,0.17723,0.53108,-0.045875,0.26576,0.7756,-0.070516,-0.2757,0.97806,-0.1354,0.29294,0.98462,-0.10466,-0.063542,0.038929,-0.05779,0.080379,0.038851,-0.05783,-0.11357,-0.30672,-0.039793,0.11917,-0.30868,-0.025824,-0.11947,-0.62179,-0.00869,0.13635,-0.64733,-0.011876
35,0.032935,0.73363,-0.057132,-0.13394,0.54422,-0.049173,-0.23372,0.7748,-0.088706,0.17722,0.53121,-0.045455,0.26473,0.7756,-0.068501,-0.27315,0.98045,-0.13164,0.29184,0.98646,-0.10178,-0.06313,0.040172,-0.057291,0.080808,0.040146,-0.057586,-0.11306,-0.30587,-0.039942,0.11924,-0.30822,-0.025821,-0.11934,-0.62142,-0.008723,0.13644,-0.64737,-0.011896
36,0.032877,0.73403,-0.057135,-0.13352,0.54602,-0.048001,-0.23237,0.77646,-0.086281,0.17721,0.53121,-0.045098,0.26398,0.77584,-0.066967,-0.27089,0.98241,-0.12844,0.29105,0.98803,-0.099624,-0.062798,0.041298,-0.056663,0.081157,0.041294,-0.057278,-0.1126,-0.3052,-0.03999,0.1193,-0.30778,-0.025869,-0.11922,-0.62107,-0.008764,0.13653,-0.64745,-0.011909
37,0.032642,0.73455,-0.057145,-0.13322,0.54786,-0.04693,-0.23142,0.77773,-0.08421,0.1772,0.53121,-0.044842,0.26355,0.77646,-0.066356,-0.26929,0.98361,-0.12615,0.29084,0.98827,-0.099356,-0.062675,0.042102,-0.055822,0.081301,0.042082,-0.056888,-0.11224,-0.30489,-0.040166,0.11949,-0.30768,-0.026018,-0.11911,-0.62107,-0.008811,0.13659,-0.64764,-0.011919
38,0.032115,0.73502,-0.056958,-0.13289,0.54965,-0.045907,-0.23066,0.77917,-0.082871,0.17719,0.53136,-0.044667,0.26318,0.77614,-0.066371,-0.26779,0.98462,-0.12499,0.29069,0.98827,-0.099363,-0.062679,0.042811,-0.054812,0.08136,0.042781,-0.056396,-0.11193,-0.30489,-0.040334,0.11958,-0.30768,-0.026175,-0.11899,-0.62107,-0.008855,0.13659,-0.64777,-0.011962
39,0.031412,0.73556,-0.05668,-0.13259,0.55165,-0.044866,-0.23007,0.78052,-0.082321,0.17716,0.53148,-0.044556,0.26285,0.77578,-0.066386,-0.26642,0.9852,-0.12493,0.29058,0.98827,-0.099368,-0.062721,0.043508,-0.053631,0.081397,0.04345,-0.055863,-0.11163,-0.30489,-0.040501,0.1197,-0.30768,-0.026317,-0.11891,-0.62107,-0.008889,0.13659,-0.64791,-0.012038
40,0.030522,0.73599,-0.056403,-0.13234,0.55463,-0.043494,-0.22957,0.78173,-0.082299,0.1766,0.53206,-0.0445,0.26248,0.77511,-0.066402,-0.26512,0.98597,-0.12487,0.29049,0.98827,-0.099372,-0.062781,0.044415,-0.052229,0.081366,0.044346,-0.055139,-0.11137,-0.30489,-0.040657,0.11976,-0.30768,-0.026372,-0.11865,-0.62172,-0.009204,0.13661,-0.64815,-0.012295
41,0.029295,0.73605,-0.056451,-0.1321,0.55795,-0.041977,-0.22891,0.78301,-0.082271,0.17539,0.53317,-0.044442,0.26131,0.77436,-0.066738,-0.2632,0.98658,-0.12479,0.29008,0.9878,-0.10103,-0.062864,0.04547,-0.050313,0.081308,0.04546,-0.053784,-0.11101,-0.30526,-0.042041,0.11984,-0.30867,-0.028363,-0.11808,-0.62308,-0.00994,0.13637,-0.64919,-0.013303
42,0.028028,0.73605,-0.056506,-0.13204,0.55947,-0.04138,-0.22806,0.78447,-0.082235,0.174,0.53414,-0.044412,0.26002,0.77359,-0.067628,-0.26111,0.98708,-0.12515,0.28946,0.98663,-0.10378,-0.062942,0.046145,-0.04849,0.081252,0.04619,-0.052478,-0.11085,-0.30656,-0.044188,0.11998,-0.31025,-0.031372,-0.11736,-0.62494,-0.01112,0.136,-0.65048,-0.01478
43,0.026613,0.73605,-0.056567,-0.13198,0.56051,-0.040919,-0.22712,0.78619,-0.082506,0.1725,0.53486,-0.044379,0.25869,0.77314,-0.068868,-0.25895,0.98779,-0.12635,0.28871,0.98519,-0.10689,-0.063052,0.046621,-0.046632,0.081156,0.04667,-0.050685,-0.11073,-0.30841,-0.046909,0.12014,-0.31188,-0.034911,-0.11689,-0.6269,-0.012397,0.13567,-0.65188,-0.016462
44,0.025129,0.73605,-0.05663,-0.13193,0.56079,-0.040741,-0.22598,0.78631,-0.083754,0.17095,0.53524,-0.044335,0.25723,0.77253,-0.070546,-0.25668,0.98779,-0.12843,0.28765,0.98328,-0.11074,-0.063206,0.04684,-0.044736,0.081001,0.046783,-0.048617,-0.11059,-0.31081,-0.05021,0.12031,-0.31324,-0.039071,-0.11649,-0.62894,-0.013967,0.13543,-0.6533,-0.018351
45,0.023614,0.73498,-0.057147,-0.13143,0.56079,-0.04072,-0.22453,0.78631,-0.086332,0.16922,0.53524,-0.044196,0.25543,0.7719,-0.073105,-0.25384,0.98777,-0.13205,0.28624,0.98107,-0.11516,-0.063658,0.04684,-0.042139,0.080729,0.046783,-0.045779,-0.1104,-0.31331,-0.05458,0.12058,-0.31475,-0.04429,-0.11618,-0.63131,-0.016194,0.13524,-0.65512,-0.020778
46,0.022159,0.73308,-0.057787,-0.13076,0.56079,-0.040691,-0.22279,0.78631,-0.089294,0.16753,0.53524,-0.044155,0.25349,0.7719,-0.076195,-0.25056,0.98775,-0.13691,0.28451,0.97874,-0.12008,-0.064231,0.04684,-0.039421,0.08042,0.046783,-0.042659,-0.11022,-0.31586,-0.05962,0.12097,-0.31624,-0.04994,-0.11599,-0.63461,-0.018952,0.13511,-0.65699,-0.023378
47,0.020958,0.73028,-0.058461,-0.13009,0.56079,-0.040662,-0.22059,0.78631,-0.092742,0.1657,0.53524,-0.044224,0.25055,0.76856,-0.080003,-0.24699,0.98689,-0.14209,0.28246,0.97579,-0.12545,-0.064939,0.04684,-0.036462,0.080064,0.046783,-0.038976,-0.11011,-0.31846,-0.065089,0.12139,-0.31796,-0.055822,-0.11584,-0.63841,-0.021888,0.13498,-0.65886,-0.026115
48,0.019824,0.72675,-0.059332,-0.12934,0.56046,-0.040657,-0.21813,0.7854,-0.096543,0.16375,0.53505,-0.044317,0.24757,0.76468,-0.083913,-0.2433,0.98502,-0.14822,0.28012,0.97206,-0.13173,-0.065786,0.046738,-0.033048,0.079611,0.046537,-0.034766,-0.11001,-0.32108,-0.071072,0.12183,-0.31992,-0.061833,-0.1157,-0.64243,-0.024973,0.13488,-0.66073,-0.029026
49,0.018788,0.72276,-0.060645,-0.12858,0.55992,-0.04072,-0.21499,0.78114,-0.10078,0.16224,0.53428,-0.044395,0.2449,0.76011,-0.087958,-0.23957,0.98099,-0.15516,0.27759,0.96812,-0.13877,-0.066615,0.046362,-0.029316,0.07917,0.045979,-0.030331,-0.10999,-0.32396,-0.077185,0.12215,-0.32181,-0.067943,-0.11558,-0.64602,-0.027929,0.13483,-0.66258,-0.031854
50,0.01829,0.71541,-0.062155,-0.1278,0.55546,-0.041598,-0.2121,0.77582,-0.1051,0.16141,0.53128,-0.044438,0.24314,0.75599,-0.092111,-0.23638,0.97551,-0.16328,0.27518,0.9632,-0.14578,-0.067366,0.044518,-0.024421,0.078748,0.043936,-0.025158,-0.11017,-0.32664,-0.082487,0.12264,-0.32288,-0.072476,-0.11546,-0.64916,-0.030601,0.13493,-0.66373,-0.03416
51,0.017766,0.70683,-0.063998,-0.12697,0.55064,-0.042601,-0.20951,0.76984,-0.1093,0.16069,0.52755,-0.0446,0.24113,0.7513,-0.096439,-0.23368,0.9696,-0.17065,0.27283,0.95826,-0.15263,-0.068272,0.042056,-0.019062,0.078266,0.041056,-0.019165,-0.11058,-0.32907,-0.087455,0.12327,-0.3241,-0.076348,-0.11539,-0.65198,-0.032923,0.13501,-0.66463,-0.036082
52,0.017375,0.69781,-0.065767,-0.12612,0.54471,-0.044013,-0.20672,0.76222,-0.11345,0.15991,0.52322,-0.044805,0.23924,0.74571,-0.10229,-0.23098,0.96349,-0.17805,0.27045,0.95317,-0.15957,-0.068842,0.038958,-0.013163,0.077906,0.037474,-0.012973,-0.11121,-0.33149,-0.092159,0.12403,-0.32583,-0.079874,-0.11546,-0.65496,-0.035234,0.13509,-0.66544,-0.037915
53,0.017085,0.68818,-0.065779,-0.12526,0.53772,-0.045661,-0.20402,0.75233,-0.11728,0.15904,0.51735,-0.045242,0.23751,0.73974,-0.10822,-0.22824,0.95686,-0.18532,0.26784,0.94762,-0.16836,-0.069223,0.034384,-0.006549,0.077619,0.032481,-0.006274,-0.11218,-0.33339,-0.09672,0.12548,-0.32858,-0.083678,-0.11585,-0.65804,-0.037489,0.13531,-0.66624,-0.039631
54,0.016749,0.67334,-0.065794,-0.1247,0.5245,-0.047949,-0.20193,0.73843,-0.12106,0.15794,0.50442,-0.04671,0.23618,0.72947,-0.11441,-0.22574,0.94895,-0.19305,0.26522,0.93883,-0.17738,-0.069562,0.025434,0.001335,0.077284,0.023082,0.001512,-0.11318,-0.33526,-0.10111,0.12743,-0.33122,-0.087435,-0.11632,-0.66143,-0.03929,0.13556,-0.66674,-0.040917
55,0.016303,0.65849,-0.065813,-0.1243,0.51138,-0.049923,-0.19978,0.72247,-0.12468,0.15683,0.4913,-0.048343,0.23498,0.71861,-0.12077,-0.22378,0.93934,-0.20044,0.26291,0.9301,-0.18627,-0.070152,0.014193,0.014154,0.076714,0.011469,0.014801,-0.11413,-0.33752,-0.10524,0.12963,-0.33432,-0.091226,-0.11646,-0.66404,-0.040714,0.13564,-0.66716,-0.042102
56,0.015829,0.63553,-0.065834,-0.1231,0.49136,-0.05153,-0.19794,0.70415,-0.12813,0.15464,0.47364,-0.050337,0.2341,0.70398,-0.12642,-0.22203,0.92823,-0.20813,0.26079,0.91515,-0.19537,-0.070729,-0.003402,0.027569,0.076095,-0.005768,0.029205,-0.11535,-0.34042,-0.11212,0.13254,-0.33741,-0.097554,-0.11641,-0.66626,-0.041832,0.13568,-0.66824,-0.043149
57,0.015352,0.61299,-0.066224,-0.12192,0.47125,-0.053011,-0.19624,0.68648,-0.1314,0.15253,0.45645,-0.052448,0.23317,0.68795,-0.13215,-0.22039,0.9178,-0.21563,0.25897,0.90016,-0.20386,-0.071237,-0.021503,0.040693,0.075589,-0.023164,0.04313,-0.11656,-0.34365,-0.11855,0.13545,-0.34078,-0.10395,-0.11637,-0.66843,-0.042633,0.13572,-0.66959,-0.044009
58,0.014615,0.58737,-0.067246,-0.12076,0.44796,-0.054224,-0.19517,0.66618,-0.13473,0.15044,0.43728,-0.054792,0.23241,0.6714,-0.13778,-0.21895,0.90333,-0.22323,0.25733,0.88418,-0.21238,-0.071651,-0.041661,0.053985,0.075153,-0.042599,0.05718,-0.11778,-0.34736,-0.12492,0.13829,-0.34512,-0.11082,-0.11635,-0.67022,-0.043134,0.13575,-0.67106,-0.044765
59,0.013853,0.56405,-0.068231,-0.11955,0.42601,-0.054684,-0.19422,0.64646,-0.13763,0.14821,0.41737,-0.057098,0.23134,0.65097,-0.1428,-0.2178,0.88502,-0.22923,0.25573,0.86509,-0.21978,-0.071873,-0.062489,0.066059,0.074879,-0.062732,0.070143,-0.11901,-0.35141,-0.13155,0.14097,-0.34984,-0.11792,-0.1163,-0.67243,-0.043453,0.13563,-0.67277,-0.045328
60,0.012937,0.54161,-0.069328,-0.11834,0.40321,-0.054801,-0.19329,0.62647,-0.14096,0.14591,0.39728,-0.059376,0.23029,0.62986,-0.1474,-0.21661,0.86656,-0.23525,0.25433,0.84548,-0.22676,-0.07196,-0.084223,0.077879,0.074698,-0.083569,0.082728,-0.12017,-0.35486,-0.13805,0.14343,-0.35402,-0.12494,-0.11605,-0.67493,-0.043694,0.13532,-0.67488,-0.045846
61,0.011903,0.51857,-0.069632,-0.11704,0.37671,-0.05505,-0.1922,0.60536,-0.14493,0.14346,0.37365,-0.061748,0.22887,0.60263,-0.15057,-0.21516,0.84154,-0.24227,0.25315,0.82162,-0.23475,-0.071995,-0.10791,0.089564,0.074635,-0.10646,0.095165,-0.12122,-0.35873,-0.14471,0.14569,-0.35851,-0.13221,-0.11554,-0.67778,-0.043882,0.13489,-0.67727,-0.046276
62,0.010868,0.49305,-0.070425,-0.11572,0.34722,-0.054993,-0.1908,0.58171,-0.15062,0.14111,0.34786,-0.064024,0.22742,0.57341,-0.15379,-0.21336,0.81374,-0.25128,0.2526,0.7961,-0.24212,-0.071858,-0.13411,0.10111,0.074811,-0.13167,0.10763,-0.12225,-0.36277,-0.15159,0.14749,-0.36224,-0.13935,-0.11492,-0.68087,-0.043911,0.13428,-0.68013,-0.046499
63,0.009952,0.47092,-0.070594,-0.11568,0.32216,-0.055919,-0.18947,0.55915,-0.15624,0.13874,0.3258,-0.06557,0.22595,0.54658,-0.15649,-0.21158,0.78641,-0.25997,0.25234,0.77217,-0.24978,-0.071746,-0.15825,0.11119,0.075044,-0.15473,0.11879,-0.12324,-0.36748,-0.15813,0.14876,-0.36668,-0.14623,-0.11422,-0.68344,-0.04388,0.13356,-0.68317,-0.046587
64,0.009538,0.4463,-0.070769,-0.11442,0.29557,-0.056435,-0.18796,0.53629,-0.16184,0.13589,0.30219,-0.067176,0.22454,0.51946,-0.15876,-0.20887,0.75447,-0.2689,0.2521,0.74722,-0.25812,-0.071583,-0.18213,0.11645,0.075478,-0.1777,0.12469,-0.12426,-0.37234,-0.16457,0.14984,-0.3711,-0.15288,-0.11349,-0.68604,-0.043895,0.13278,-0.68631,-0.046634
65,0.009187,0.42041,-0.070784,-0.11439,0.26757,-0.057118,-0.18634,0.5058,-0.16745,0.13459,0.27246,-0.068517,0.22365,0.48478,-0.16095,-0.20549,0.71896,-0.2785,0.25124,0.71586,-0.2662,-0.071363,-0.20771,0.12253,0.076216,-0.20281,0.13015,-0.1252,-0.37788,-0.16825,0.15026,-0.37675,-0.15701,-0.11262,-0.68902,-0.043907,0.132,-0.68937,-0.046672
66,0.009192,0.39356,-0.070891,-0.11304,0.23765,-0.056661,-0.18471,0.47529,-0.17289,0.13304,0.24157,-0.070049,0.22279,0.45125,-0.16337,-0.20218,0.68107,-0.28603,0.25075,0.68458,-0.27399,-0.071025,-0.23268,0.12843,0.077185,-0.22859,0.13568,-0.1262,-0.38207,-0.17143,0.15061,-0.38122,-0.16043,-0.11182,-0.692,-0.043767,0.13133,-0.69231,-0.04661
67,0.009234,0.36525,-0.070792,-0.11241,0.21017,-0.056468,-0.18293,0.4487,-0.17572,0.1314,0.21157,-0.071276,0.22211,0.41885,-0.16589,-0.19897,0.64683,-0.29319,0.25035,0.65305,-0.28097,-0.070394,-0.25998,0.13334,0.078333,-0.25503,0.14023,-0.12719,-0.38577,-0.17419,0.15087,-0.38507,-0.16299,-0.11107,-0.69508,-0.043509,0.13076,-0.6951,-0.04649
68,0.009228,0.33692,-0.07257,-0.11209,0.18066,-0.056268,-0.18109,0.41989,-0.17923,0.12989,0.18104,-0.072673,0.22217,0.38875,-0.1696,-0.19593,0.61625,-0.29987,0.25063,0.62508,-0.28733,-0.069941,-0.28524,0.13679,0.079185,-0.28142,0.14386,-0.12812,-0.39217,-0.17569,0.15113,-0.39111,-0.16484,-0.11044,-0.69766,-0.043367,0.13026,-0.69758,-0.046453
69,0.008274,0.30013,-0.072959,-0.11163,0.14296,-0.056247,-0.17928,0.38218,-0.18199,0.12889,0.14514,-0.073927,0.22132,0.3536,-0.17129,-0.19336,0.57691,-0.30557,0.25081,0.58834,-0.29146,-0.069311,-0.31789,0.1387,0.080242,-0.31364,0.14563,-0.12936,-0.39955,-0.17681,0.15155,-0.39797,-0.16659,-0.10985,-0.70031,-0.043186,0.12982,-0.69998,-0.046138
70,0.007285,0.26363,-0.073002,-0.11087,0.10856,-0.056307,-0.17773,0.34174,-0.1834,0.12818,0.11221,-0.075019,0.22054,0.32454,-0.17267,-0.19125,0.54375,-0.30953,0.25092,0.55598,-0.29411,-0.068432,-0.34929,0.13989,0.081276,-0.34488,0.1466,-0.13053,-0.40639,-0.17757,0.15193,-0.40448,-0.16801,-0.10938,-0.70245,-0.042995,0.12939,-0.70206,-0.045722
71,0.006125,0.22866,-0.073051,-0.1099,0.075961,-0.056484,-0.17654,0.30564,-0.18529,0.12754,0.080831,-0.076059,0.22013,0.29666,-0.1738,-0.18976,0.51147,-0.31057,0.25103,0.52199,-0.29482,-0.067566,-0.37899,0.14075,0.082232,-0.37446,0.14681,-0.13154,-0.41349,-0.17762,0.15249,-0.4105,-0.16859,-0.10899,-0.70422,-0.042821,0.12912,-0.7036,-0.045181
72,0.00403,0.18986,-0.073142,-0.1088,0.040463,-0.056699,-0.17528,0.27072,-0.18679,0.12743,0.048282,-0.076691,0.21981,0.26204,-0.17476,-0.18855,0.47719,-0.31052,0.25113,0.48276,-0.29486,-0.06654,-0.41082,0.14116,0.083237,-0.40624,0.14686,-0.13248,-0.42022,-0.17766,0.15332,-0.41599,-0.16875,-0.10825,-0.70592,-0.041914,0.1289,-0.70454,-0.044444
73,0.001703,0.15424,-0.072852,-0.10797,0.006843,-0.057206,-0.1742,0.23703,-0.18836,0.12743,0.017717,-0.076728,0.21959,0.22835,-0.17581,-0.18812,0.44765,-0.3105,0.2512,0.44452,-0.29485,-0.065443,-0.44081,0.14121,0.084237,-0.43607,0.1469,-0.13341,-0.42657,-0.1777,0.15434,-0.42113,-0.16893,-0.10749,-0.70761,-0.040971,0.12857,-0.70538,-0.043411
74,-4.4e-05,0.12893,-0.072544,-0.10719,-0.017938,-0.057693,-0.17322,0.21449,-0.18952,0.12743,-0.001906,-0.076728,0.21926,0.20936,-0.177,-0.18752,0.42116,-0.31079,0.25128,0.41937,-0.29485,-0.064339,-0.46283,0.14125,0.084899,-0.45788,0.14693,-0.13406,-0.43181,-0.17736,0.15556,-0.42491,-0.16911,-0.1067,-0.70886,-0.040327,0.12811,-0.70538,-0.042245
75,-0.002122,0.1044,-0.071766,-0.10658,-0.041388,-0.05802,-0.17218,0.19161,-0.18968,0.12743,-0.021292,-0.076728,0.21881,0.19076,-0.178,-0.18686,0.39728,-0.31133,0.25144,0.39465,-0.29443,-0.063263,-0.48544,0.14119,0.085326,-0.47926,0.14639,-0.13457,-0.43676,-0.17642,0.15695,-0.42843,-0.16923,-0.10605,-0.70998,-0.040027,0.12678,-0.70538,-0.039558
76,-0.004217,0.082976,-0.071346,-0.10603,-0.064203,-0.058296,-0.17145,0.17077,-0.19044,0.12822,-0.04079,-0.076694,0.21804,0.17205,-0.17844,-0.18626,0.37533,-0.31115,0.2515,0.3707,-0.29282,-0.062028,-0.50469,0.14064,0.085927,-0.49916,0.14461,-0.13491,-0.44158,-0.17531,0.15832,-0.43172,-0.16918,-0.1055,-0.71111,-0.039938,0.12549,-0.70538,-0.036874
77,-0.005548,0.065277,-0.070744,-0.1054,-0.082334,-0.05857,-0.17078,0.15249,-0.19166,0.12903,-0.056864,-0.076376,0.21807,0.15482,-0.17929,-0.18597,0.35505,-0.30993,0.25217,0.34776,-0.29074,-0.061126,-0.52368,0.13825,0.086275,-0.51711,0.14121,-0.13513,-0.44628,-0.17429,0.15962,-0.43482,-0.16907,-0.10477,-0.71248,-0.039766,0.12281,-0.70503,-0.033104
78,-0.006778,0.055371,-0.070274,-0.10487,-0.091221,-0.058547,-0.16939,0.14405,-0.19201,0.12993,-0.066715,-0.076063,0.21812,0.14338,-0.18029,-0.18564,0.34406,-0.30991,0.25215,0.33467,-0.28853,-0.060101,-0.53382,0.13575,0.086886,-0.52773,0.13789,-0.13515,-0.44936,-0.17383,0.16067,-0.4367,-0.16902,-0.10408,-0.71405,-0.039676,0.12034,-0.70502,-0.029935
79,-0.009476,0.044643,-0.069504,-0.10469,-0.099598,-0.058787,-0.16823,0.14109,-0.1935,0.1309,-0.075909,-0.075486,0.21813,0.13281,-0.18121,-0.18468,0.33374,-0.30987,0.25207,0.3218,-0.28657,-0.059121,-0.54292,0.1335,0.087114,-0.53689,0.13482,-0.13516,-0.45231,-0.17359,0.1616,-0.43831,-0.16898,-0.10339,-0.7154,-0.039445,0.11813,-0.7051,-0.026932
80,-0.011425,0.035726,-0.068807,-0.1043,-0.10613,-0.058758,-0.16633,0.13819,-0.19342,0.13138,-0.083529,-0.075371,0.21715,0.12375,-0.18059,-0.1832,0.32579,-0.30981,0.25199,0.31307,-0.28476,-0.058399,-0.55014,0.13183,0.087223,-0.54431,0.13229,-0.13516,-0.45395,-0.17359,0.16221,-0.43919,-0.16885,-0.10269,-0.71676,-0.039282,0.11623,-0.70551,-0.024236
81,-0.011436,0.033081,-0.068562,-0.1042,-0.10721,-0.058975,-0.16403,0.1373,-0.19496,0.13196,-0.086595,-0.074767,0.21617,0.12344,-0.18064,-0.18142,0.32098,-0.31016,0.25199,0.31138,-0.28476,-0.058181,-0.5528,0.13115,0.08704,-0.54713,0.1312,-0.1347,-0.45536,-0.17357,0.1624,-0.43978,-0.16897,-0.10229,-0.71812,-0.039183,0.1137,-0.70519,-0.021112
82,-0.011442,0.030823,-0.068419,-0.10409,-0.10833,-0.059141,-0.16144,0.13649,-0.19604,0.13256,-0.089656,-0.074146,0.2149,0.12323,-0.18069,-0.17861,0.3169,-0.31078,0.25142,0.30982,-0.28479,-0.058086,-0.55512,0.13047,0.086981,-0.54958,0.13036,-0.13403,-0.45677,-0.17354,0.1624,-0.44045,-0.16911,-0.10183,-0.71918,-0.039042,0.11128,-0.70411,-0.018205
83,-0.011449,0.026797,-0.068259,-0.104,-0.10929,-0.059277,-0.15865,0.13587,-0.196,0.13326,-0.092843,-0.07337,0.21341,0.1232,-0.18071,-0.17478,0.31632,-0.31167,0.24962,0.30855,-0.28486,-0.058062,-0.55718,0.1299,0.087018,-0.55218,0.1295,-0.13336,-0.45807,-0.17386,0.16241,-0.44113,-0.16924,-0.10135,-0.72023,-0.038961,0.11013,-0.70411,-0.017091
84,-0.010268,0.022248,-0.067951,-0.10406,-0.10929,-0.05928,-0.15557,0.13536,-0.19586,0.13397,-0.095099,-0.07247,0.21174,0.1232,-0.18102,-0.17015,0.31609,-0.31294,0.24699,0.30805,-0.2848,-0.058044,-0.55859,0.1295,0.086652,-0.5543,0.12849,-0.13279,-0.45913,-0.17424,0.16242,-0.44188,-0.16959,-0.10079,-0.7209,-0.039506,0.10951,-0.70411,-0.01688
85,-0.008902,0.018078,-0.067677,-0.10406,-0.10932,-0.05928,-0.15254,0.13226,-0.19573,0.13427,-0.095476,-0.071998,0.20999,0.1232,-0.18109,-0.16558,0.31609,-0.31412,0.24424,0.30805,-0.28473,-0.058029,-0.559,0.12915,0.086154,-0.55497,0.12809,-0.13224,-0.46004,-0.17451,0.16238,-0.44267,-0.16999,-0.10026,-0.72109,-0.040134,0.10908,-0.70431,-0.016825
86,-0.007397,0.014025,-0.06743,-0.10406,-0.10936,-0.05928,-0.14993,0.12909,-0.19562,0.1346,-0.095719,-0.071491,0.20818,0.1232,-0.18117,-0.16141,0.31609,-0.3153,0.24138,0.30805,-0.2847,-0.05819,-0.55944,0.12871,0.085529,-0.55562,0.1277,-0.1317,-0.4607,-0.17528,0.16219,-0.44346,-0.17039,-0.099719,-0.72109,-0.040458,0.10847,-0.70515,-0.016425
87,-0.00585,0.01183,-0.067209,-0.10407,-0.10933,-0.05913,-0.14766,0.12624,-0.19489,0.135,-0.095905,-0.070803,0.20614,0.12379,-0.18126,-0.15782,0.31609,-0.31585,0.23815,0.30805,-0.28464,-0.058364,-0.55987,0.12745,0.084821,-0.55626,0.12728,-0.13126,-0.4613,-0.17698,0.1617,-0.4443,-0.17083,-0.098969,-0.72109,-0.040426,0.10842,-0.70642,-0.016214
88,-0.004591,0.00993,-0.06704,-0.10393,-0.10906,-0.058999,-0.14559,0.12455,-0.19392,0.13543,-0.095905,-0.07005,0.20398,0.12489,-0.18097,-0.15453,0.31694,-0.316,0.23469,0.30884,-0.28454,-0.058713,-0.55995,0.12588,0.083926,-0.55659,0.12667,-0.13094,-0.4618,-0.17887,0.16123,-0.44516,-0.17156,-0.098264,-0.72109,-0.040396,0.10842,-0.70761,-0.016306
89,-0.003209,0.009499,-0.066992,-0.10379,-0.10875,-0.059127,-0.14366,0.12499,-0.19235,0.13588,-0.095905,-0.069261,0.2019,0.12642,-0.18021,-0.15151,0.31812,-0.31637,0.23112,0.30983,-0.28407,-0.059111,-0.55972,0.12565,0.08302,-0.55659,0.12663,-0.13056,-0.46228,-0.18021,0.16074,-0.4461,-0.17232,-0.097491,-0.72081,-0.040363,0.10941,-0.70969,-0.017638
90,-0.001787,0.009551,-0.067076,-0.10364,-0.10848,-0.059228,-0.14196,0.12537,-0.19261,0.13631,-0.095905,-0.068506,0.20002,0.12832,-0.17922,-0.14871,0.31966,-0.31698,0.22777,0.31124,-0.28336,-0.059518,-0.55946,0.12563,0.08207,-0.55655,0.12671,-0.13026,-0.46274,-0.1812,0.16028,-0.44708,-0.17262,-0.097201,-0.71973,-0.040526,0.11053,-0.71172,-0.019172
91,-0.000354,0.011315,-0.067172,-0.10344,-0.10815,-0.059268,-0.14043,0.12565,-0.1927,0.13678,-0.095882,-0.067755,0.19855,0.13037,-0.17804,-0.14699,0.32178,-0.31766,0.22489,0.3129,-0.28385,-0.059927,-0.55919,0.12562,0.081179,-0.55649,0.12686,-0.12995,-0.46316,-0.18186,0.15983,-0.44799,-0.17248,-0.097201,-0.71886,-0.040526,0.11193,-0.71331,-0.02108
92,0.000651,0.011315,-0.067129,-0.10305,-0.10574,-0.059356,-0.14007,0.12589,-0.19297,0.13711,-0.095485,-0.067368,0.19759,0.13309,-0.17845,-0.14641,0.32979,-0.31845,0.22248,0.32062,-0.28435,-0.060441,-0.55711,0.12559,0.080505,-0.55506,0.12733,-0.12965,-0.46316,-0.18254,0.15926,-0.4487,-0.17296,-0.097198,-0.71805,-0.0406,0.11401,-0.71474,-0.024029
93,0.001014,0.011742,-0.067113,-0.10241,-0.10153,-0.059733,-0.14006,0.13078,-0.19309,0.13739,-0.093889,-0.067168,0.19687,0.13614,-0.17861,-0.14636,0.34003,-0.31963,0.22093,0.32926,-0.28483,-0.060856,-0.55329,0.12611,0.080155,-0.55193,0.12875,-0.12934,-0.46316,-0.1837,0.15867,-0.44884,-0.17339,-0.097183,-0.71734,-0.04093,0.11588,-0.71609,-0.026828
94,0.00102,0.01476,-0.067241,-0.10183,-0.096496,-0.060241,-0.1401,0.13638,-0.19195,0.13772,-0.088979,-0.067152,0.19685,0.14339,-0.17874,-0.1463,0.35374,-0.32103,0.21971,0.34475,-0.28517,-0.061455,-0.54828,0.12707,0.080066,-0.54722,0.13082,-0.12918,-0.46316,-0.1849,0.15792,-0.44884,-0.17398,-0.097278,-0.71674,-0.041468,0.11764,-0.71686,-0.029425
95,0.001381,0.028687,-0.068039,-0.10144,-0.08376,-0.061052,-0.14004,0.14833,-0.19195,0.13803,-0.076739,-0.067139,0.19684,0.15907,-0.17942,-0.14628,0.36884,-0.32153,0.21863,0.36183,-0.28455,-0.062693,-0.53662,0.12847,0.079965,-0.53592,0.13318,-0.12882,-0.46305,-0.18606,0.15697,-0.44884,-0.17471,-0.097505,-0.71616,-0.041977,0.11923,-0.71686,-0.032019
96,0.002138,0.044543,-0.068777,-0.10094,-0.070972,-0.061875,-0.14004,0.16072,-0.19195,0.13827,-0.064167,-0.067129,0.19672,0.17452,-0.17919,-0.14653,0.38587,-0.32251,0.2186,0.37966,-0.28455,-0.063606,-0.5244,0.13002,0.079865,-0.52395,0.13551,-0.12844,-0.46234,-0.18663,0.15612,-0.44884,-0.17587,-0.097924,-0.71603,-0.042567,0.12072,-0.71686,-0.034592
97,0.002096,0.066689,-0.06956,-0.10034,-0.053354,-0.063205,-0.14037,0.17726,-0.19126,0.13848,-0.0467,-0.06712,0.19667,0.19384,-0.1781,-0.14703,0.40347,-0.32302,0.2186,0.3997,-0.28455,-0.063606,-0.50655,0.13001,0.079878,-0.50616,0.13696,-0.12801,-0.46103,-0.18752,0.1554,-0.4487,-0.17697,-0.098528,-0.71582,-0.043236,0.12219,-0.71686,-0.037044
98,0.001922,0.089481,-0.070653,-0.099727,-0.033986,-0.064555,-0.14066,0.20017,-0.19334,0.1385,-0.027642,-0.06744,0.19665,0.21384,-0.17741,-0.14777,0.42218,-0.32453,0.21861,0.42044,-0.28482,-0.064558,-0.48682,0.1301,0.079667,-0.48639,0.13829,-0.12754,-0.45875,-0.18876,0.15503,-0.4479,-0.1781,-0.099112,-0.71561,-0.043897,0.12354,-0.71683,-0.039412
99,0.001464,0.11301,-0.072089,-0.099062,-0.013548,-0.066083,-0.14096,0.22415,-0.19566,0.13852,-0.007031,-0.067996,0.197,0.23407,-0.17655,-0.14902,0.44798,-0.32604,0.21861,0.4493,-0.28487,-0.065276,-0.4651,0.13093,0.079675,-0.46465,0.13987,-0.12682,-0.45568,-0.1896,0.15483,-0.44649,-0.17859,-0.10004,-0.71531,-0.044672,0.12513,-0.71662,-0.042109
100,0.000832,0.14654,-0.073049,-0.097823,0.013012,-0.068031,-0.14172,0.24936,-0.19732,0.13884,0.023316,-0.06896,0.19798,0.26097,-0.17622,-0.15127,0.47621,-0.32711,0.21935,0.48295,-0.28573,-0.06611,-0.43868,0.13214,0.079756,-0.4373,0.14138,-0.12587,-0.45155,-0.18946,0.15473,-0.44395,-0.1786,-0.10113,-0.71509,-0.045628,0.12628,-0.71617,-0.044112
101,0.000175,0.18453,-0.074698,-0.096711,0.044067,-0.069603,-0.14372,0.2809,-0.19734,0.13923,0.059767,-0.070153,0.19968,0.29206,-0.17571,-0.15459,0.50531,-0.32725,0.2209,0.51458,-0.28593,-0.066436,-0.40684,0.13213,0.079873,-0.40435,0.14139,-0.12456,-0.44588,-0.18908,0.15472,-0.43974,-0.17836,-0.10219,-0.71455,-0.046621,0.1267,-0.71536,-0.044925
102,0.001337,0.22235,-0.076333,-0.095548,0.074433,-0.071382,-0.14603,0.31098,-0.19822,0.13984,0.095283,-0.071216,0.20155,0.32387,-0.1754,-0.15851,0.53317,-0.32742,0.22282,0.54916,-0.2859,-0.066662,-0.37603,0.13212,0.080007,-0.37253,0.14139,-0.12309,-0.43887,-0.18849,0.15469,-0.43442,-0.17785,-0.10277,-0.71377,-0.047059,0.12712,-0.71435,-0.045775
103,0.002582,0.2642,-0.078233,-0.094449,0.10642,-0.072836,-0.14873,0.34186,-0.19906,0.14081,0.131,-0.072063,0.20414,0.35775,-0.17495,-0.1625,0.55845,-0.32759,0.22521,0.57966,-0.28579,-0.066662,-0.34381,0.13212,0.080168,-0.33976,0.1414,-0.12156,-0.43067,-0.18783,0.15466,-0.42801,-0.17693,-0.10325,-0.71278,-0.047427,0.12754,-0.71344,-0.046639
104,0.004183,0.30248,-0.079337,-0.094414,0.13999,-0.073653,-0.15098,0.36804,-0.19915,0.14191,0.16589,-0.072599,0.20725,0.38719,-0.17482,-0.16662,0.58464,-0.3274,0.22916,0.61537,-0.28562,-0.066619,-0.31129,0.1311,0.080725,-0.30677,0.14065,-0.12017,-0.42013,-0.18628,0.15485,-0.41941,-0.17567,-0.1036,-0.71015,-0.048217,0.12822,-0.71112,-0.047403
105,0.007146,0.34174,-0.079834,-0.094497,0.17372,-0.074669,-0.1535,0.40088,-0.19698,0.14317,0.20099,-0.073434,0.21072,0.4192,-0.17467,-0.171,0.61218,-0.32522,0.23311,0.64987,-0.28545,-0.066437,-0.27853,0.12919,0.081485,-0.2736,0.1388,-0.11868,-0.40873,-0.18432,0.155,-0.41003,-0.17432,-0.104,-0.70628,-0.049044,0.12905,-0.70804,-0.048205
106,0.010224,0.37488,-0.080132,-0.094686,0.20489,-0.075353,-0.15627,0.43521,-0.19465,0.14449,0.23311,-0.07408,0.21377,0.44724,-0.17408,-0.17657,0.64388,-0.32101,0.23774,0.6838,-0.28356,-0.065775,-0.24889,0.1262,0.082309,-0.2439,0.13566,-0.11718,-0.39671,-0.18202,0.15521,-0.39957,-0.17268,-0.10447,-0.70129,-0.049801,0.12987,-0.70414,-0.049017
107,0.01211,0.4079,-0.080435,-0.094845,0.24074,-0.07613,-0.15904,0.46341,-0.19162,0.14623,0.26754,-0.074283,0.21761,0.48013,-0.17078,-0.18303,0.6785,-0.31676,0.24358,0.72238,-0.2811,-0.064309,-0.21739,0.12194,0.083097,-0.21267,0.13102,-0.11568,-0.38439,-0.17891,0.15552,-0.38838,-0.16938,-0.10501,-0.69537,-0.050462,0.13068,-0.69941,-0.049706
108,0.014728,0.44522,-0.080323,-0.095005,0.27728,-0.076897,-0.16241,0.49706,-0.18845,0.14791,0.3041,-0.074409,0.22198,0.51463,-0.16822,-0.18998,0.71061,-0.31209,0.2494,0.75615,-0.27773,-0.062953,-0.18526,0.11695,0.08367,-0.18077,0.12582,-0.11413,-0.37076,-0.17391,0.15572,-0.37478,-0.16353,-0.10549,-0.68768,-0.050927,0.13149,-0.69249,-0.050367
109,0.018829,0.47302,-0.080146,-0.095109,0.31023,-0.077234,-0.16551,0.52924,-0.1862,0.14982,0.33099,-0.074383,0.22636,0.54369,-0.16604,-0.19626,0.74072,-0.30681,0.2548,0.78513,-0.27425,-0.061621,-0.15648,0.11286,0.084225,-0.15352,0.1209,-0.11281,-0.35714,-0.16788,0.15564,-0.36082,-0.15649,-0.10587,-0.67947,-0.051325,0.13225,-0.68456,-0.050979
110,0.022053,0.49651,-0.079762,-0.0951,0.33776,-0.077431,-0.16764,0.55285,-0.18226,0.15202,0.35395,-0.074288,0.23034,0.56933,-0.164,-0.20175,0.76516,-0.30191,0.2597,0.81112,-0.27109,-0.060282,-0.13368,0.10823,0.084699,-0.1316,0.11529,-0.11193,-0.34414,-0.16062,0.15531,-0.34765,-0.14885,-0.10628,-0.67095,-0.051925,0.13302,-0.6762,-0.051605
111,0.024954,0.51782,-0.079159,-0.095194,0.36493,-0.077821,-0.16953,0.57337,-0.17847,0.15411,0.37737,-0.074198,0.23447,0.59571,-0.16194,-0.20707,0.79013,-0.2959,0.26438,0.83459,-0.26635,-0.058905,-0.1107,0.10334,0.085176,-0.10953,0.10951,-0.11115,-0.33136,-0.15283,0.15496,-0.33457,-0.14079,-0.10668,-0.6619,-0.052572,0.13387,-0.66725,-0.05239
112,0.029658,0.53546,-0.078146,-0.096358,0.39182,-0.078167,-0.17142,0.59402,-0.17565,0.15611,0.39961,-0.073641,0.23803,0.61738,-0.1599,-0.21225,0.81498,-0.28935,0.2688,0.85588,-0.26161,-0.058325,-0.088909,0.097874,0.085683,-0.088498,0.10333,-0.11027,-0.3184,-0.1449,0.15462,-0.32194,-0.13277,-0.1071,-0.65198,-0.053176,0.13478,-0.65809,-0.052916
113,0.034342,0.54851,-0.0766,-0.097455,0.41134,-0.078214,-0.17337,0.61398,-0.17186,0.15827,0.41657,-0.073218,0.24095,0.63557,-0.15779,-0.21732,0.83866,-0.28317,0.27203,0.87088,-0.25666,-0.057155,-0.072805,0.093306,0.085965,-0.073101,0.098329,-0.10946,-0.30764,-0.1379,0.15414,-0.31113,-0.12516,-0.10751,-0.64346,-0.053576,0.13543,-0.64975,-0.053021
114,0.035404,0.56081,-0.07552,-0.098531,0.43289,-0.07826,-0.17585,0.62897,-0.16771,0.16067,0.43512,-0.072722,0.24399,0.65538,-0.15574,-0.22208,0.8598,-0.27684,0.27531,0.88682,-0.25118,-0.055702,-0.055886,0.088301,0.086193,-0.056849,0.093024,-0.10872,-0.29754,-0.13081,0.15315,-0.30082,-0.11704,-0.10781,-0.63549,-0.053684,0.13608,-0.64178,-0.052994
115,0.036502,0.5734,-0.075468,-0.099498,0.45263,-0.078631,-0.17813,0.64226,-0.1639,0.16309,0.45255,-0.072221,0.24702,0.67497,-0.15426,-0.22596,0.87659,-0.27112,0.27778,0.90118,-0.24558,-0.054769,-0.040919,0.083642,0.086405,-0.042426,0.088089,-0.10798,-0.28855,-0.124,0.15192,-0.29178,-0.10912,-0.10797,-0.62862,-0.053691,0.13666,-0.63494,-0.052968
116,0.037419,0.58646,-0.074613,-0.099718,0.46687,-0.07864,-0.18077,0.65608,-0.16025,0.1655,0.46763,-0.07165,0.24907,0.68912,-0.15148,-0.22923,0.88971,-0.26343,0.27919,0.9108,-0.23841,-0.054076,-0.028925,0.079481,0.086411,-0.030573,0.083881,-0.10667,-0.28066,-0.1199,0.1502,-0.28418,-0.10108,-0.10811,-0.62243,-0.053838,0.13718,-0.62916,-0.052946
117,0.038237,0.59636,-0.07419,-0.099888,0.47999,-0.078651,-0.18431,0.66912,-0.15676,0.16804,0.47969,-0.071157,0.25057,0.70191,-0.1481,-0.23193,0.89928,-0.25573,0.28022,0.9174,-0.23106,-0.053385,-0.018911,0.076053,0.08637,-0.020725,0.080145,-0.10523,-0.27596,-0.11427,0.14829,-0.28034,-0.094402,-0.10828,-0.61922,-0.053584,0.13768,-0.62646,-0.052626
118,0.038969,0.60598,-0.074158,-0.10005,0.49051,-0.07854,-0.18782,0.68175,-0.15334,0.17035,0.49162,-0.070681,0.25185,0.71354,-0.14505,-0.235,0.90854,-0.24816,0.28139,0.92402,-0.22345,-0.052313,-0.009925,0.071702,0.086601,-0.011641,0.074775,-0.10386,-0.27541,-0.10856,0.14647,-0.28034,-0.087891,-0.1083,-0.61922,-0.053201,0.13764,-0.62646,-0.051591
119,0.03968,0.61577,-0.074128,-0.10021,0.50031,-0.078547,-0.19133,0.69452,-0.15041,0.17233,0.50129,-0.07028,0.25302,0.72393,-0.14225,-0.23802,0.91667,-0.23929,0.28295,0.93196,-0.2158,-0.051414,-0.002617,0.067915,0.086794,-0.004431,0.07028,-0.1025,-0.2754,-0.10327,0.14437,-0.28034,-0.081258,-0.10829,-0.61922,-0.052813,0.13755,-0.62646,-0.049629
120,0.040295,0.6253,-0.074101,-0.10038,0.50935,-0.078554,-0.19479,0.70722,-0.14816,0.17418,0.51036,-0.069752,0.25401,0.7325,-0.13952,-0.24136,0.92478,-0.23137,0.28445,0.93971,-0.20871,-0.050336,0.004584,0.057985,0.087229,0.002131,0.060167,-0.10125,-0.27534,-0.096023,0.14215,-0.28034,-0.073421,-0.10828,-0.61922,-0.050501,0.13736,-0.62646,-0.045963
121,0.040944,0.64268,-0.076232,-0.10202,0.52055,-0.078029,-0.19832,0.71993,-0.14663,0.17619,0.51978,-0.069271,0.25591,0.74438,-0.13691,-0.24485,0.93241,-0.22406,0.28653,0.94868,-0.20178,-0.04927,0.014403,0.044304,0.088455,0.011871,0.04688,-0.10017,-0.27534,-0.088179,0.13942,-0.28099,-0.064236,-0.10812,-0.61985,-0.047039,0.13718,-0.62722,-0.041738
122,0.041506,0.65933,-0.078369,-0.10365,0.5299,-0.077395,-0.20162,0.73195,-0.14522,0.17787,0.52828,-0.068877,0.25777,0.75572,-0.13458,-0.24846,0.9395,-0.21756,0.28893,0.96007,-0.19546,-0.048336,0.022964,0.030898,0.089633,0.020484,0.033797,-0.099257,-0.27566,-0.080741,0.13677,-0.28244,-0.055689,-0.10809,-0.62124,-0.043655,0.137,-0.62892,-0.037479
123,0.041918,0.67437,-0.080844,-0.10529,0.53702,-0.076724,-0.20436,0.74221,-0.14408,0.17919,0.53489,-0.068567,0.25917,0.76265,-0.13221,-0.25203,0.94569,-0.21166,0.29128,0.97051,-0.18976,-0.047446,0.030026,0.018045,0.090729,0.027533,0.021086,-0.098555,-0.27703,-0.073668,0.13441,-0.28493,-0.047948,-0.1082,-0.62347,-0.040165,0.13667,-0.63148,-0.032859
124,0.042237,0.6889,-0.083324,-0.10693,0.54371,-0.076199,-0.20705,0.75182,-0.14317,0.18032,0.5407,-0.06831,0.26056,0.76959,-0.12992,-0.25519,0.95076,-0.20593,0.29356,0.98058,-0.18469,-0.046734,0.036474,0.005401,0.091689,0.033929,0.008396,-0.097943,-0.27971,-0.067123,0.13221,-0.28801,-0.040545,-0.1084,-0.6268,-0.036514,0.13627,-0.63453,-0.028405
125,0.042365,0.70234,-0.08591,-0.10855,0.54929,-0.07572,-0.20933,0.76019,-0.14239,0.18121,0.54492,-0.068112,0.26197,0.77629,-0.12901,-0.25788,0.95494,-0.20186,0.29564,0.98985,-0.18139,-0.046073,0.042141,-0.00725,0.092723,0.039425,-0.004134,-0.097914,-0.28295,-0.060506,0.13038,-0.29152,-0.033744,-0.10847,-0.63053,-0.032422,0.13584,-0.63801,-0.024197
126,0.042475,0.71367,-0.088455,-0.1101,0.55421,-0.075028,-0.21013,0.76246,-0.14117,0.18197,0.54848,-0.067973,0.26341,0.78213,-0.12863,-0.26011,0.95781,-0.19799,0.29755,0.99844,-0.17934,-0.045695,0.047078,-0.019826,0.093648,0.044176,-0.016593,-0.098143,-0.2871,-0.054453,0.12897,-0.29561,-0.027492,-0.1087,-0.63499,-0.027861,0.13524,-0.64194,-0.020192
127,0.042582,0.72454,-0.090956,-0.11172,0.55913,-0.074314,-0.21093,0.76472,-0.13984,0.1827,0.55194,-0.06785,0.26487,0.78771,-0.12813,-0.26189,0.96,-0.19434,0.29937,1.0067,-0.17759,-0.045531,0.051516,-0.031094,0.09439,0.048429,-0.02722,-0.09838,-0.29152,-0.048937,0.12755,-0.29983,-0.021855,-0.10883,-0.63964,-0.023287,0.13464,-0.6457,-0.016645
128,0.042645,0.73365,-0.093183,-0.11339,0.56363,-0.073467,-0.21169,0.7668,-0.13864,0.18336,0.55525,-0.067814,0.26633,0.79297,-0.1276,-0.26365,0.96213,-0.1919,0.30081,1.0127,-0.17625,-0.045365,0.05571,-0.04239,0.095174,0.052449,-0.038072,-0.098606,-0.29582,-0.043674,0.12644,-0.30404,-0.016735,-0.10902,-0.64402,-0.018873,0.13415,-0.64952,-0.013773
129,0.042736,0.74271,-0.095299,-0.11504,0.56812,-0.072606,-0.21248,0.76883,-0.1371,0.184,0.55851,-0.067782,0.26775,0.79803,-0.12711,-0.26488,0.96278,-0.18922,0.30225,1.0176,-0.17485,-0.045458,0.059137,-0.047339,0.095734,0.056398,-0.043151,-0.098712,-0.2993,-0.041223,0.12544,-0.30747,-0.013364,-0.10913,-0.64745,-0.016301,0.13363,-0.65251,-0.01262
130,0.042694,0.74271,-0.095301,-0.11515,0.56829,-0.072527,-0.21289,0.76966,-0.1354,0.18413,0.55906,-0.067776,0.26806,0.7981,-0.1267,-0.26521,0.96278,-0.18633,0.30313,1.0206,-0.17372,-0.045425,0.059137,-0.048105,0.095792,0.056398,-0.04448,-0.098882,-0.29968,-0.039704,0.12506,-0.30783,-0.011917,-0.10923,-0.64784,-0.014834,0.13358,-0.6531,-0.011979
131,0.042549,0.74271,-0.095307,-0.11527,0.56841,-0.07243,-0.21326,0.77015,-0.13369,0.18423,0.55949,-0.067772,0.26843,0.79816,-0.12649,-0.2662,0.96332,-0.18339,0.3036,1.0208,-0.17264,-0.045388,0.059137,-0.04897,0.095851,0.056398,-0.045857,-0.099243,-0.29999,-0.038162,0.1247,-0.30808,-0.010484,-0.10927,-0.64817,-0.013339,0.13352,-0.65344,-0.011344
132,0.04243,0.74271,-0.095312,-0.11537,0.56851,-0.072313,-0.21344,0.77052,-0.13212,0.18429,0.55977,-0.067769,0.26881,0.7982,-0.12647,-0.26665,0.96373,-0.18088,0.30407,1.021,-0.17171,-0.04535,0.059137,-0.04987,0.095907,0.056398,-0.047173,-0.099336,-0.3003,-0.036805,0.12439,-0.30816,-0.009264,-0.1093,-0.64849,-0.012087,0.1335,-0.65364,-0.01081
133,0.042303,0.74269,-0.095081,-0.11546,0.5686,-0.072183,-0.21357,0.77083,-0.13055,0.18433,0.55995,-0.067783,0.26915,0.7982,-0.12573,-0.26686,0.96407,-0.17869,0.30465,1.0211,-0.17055,-0.045593,0.058457,-0.050779,0.095499,0.055659,-0.048424,-0.099823,-0.30063,-0.035631,0.12413,-0.30823,-0.008186,-0.10964,-0.64881,-0.010909,0.13346,-0.65392,-0.010312
134,0.042168,0.74261,-0.094878,-0.11556,0.56869,-0.072049,-0.21363,0.77103,-0.12902,0.18436,0.56012,-0.067792,0.26945,0.7982,-0.12501,-0.26694,0.96441,-0.17686,0.30522,1.0215,-0.16933,-0.0458,0.057844,-0.051655,0.095162,0.055041,-0.049653,-0.10017,-0.30093,-0.034791,0.12394,-0.30823,-0.007506,-0.10992,-0.6491,-0.009921,0.13344,-0.65409,-0.009898
135,0.042036,0.74254,-0.094665,-0.11564,0.56877,-0.07192,-0.21368,0.7707,-0.12788,0.18439,0.56023,-0.067802,0.26978,0.79819,-0.12429,-0.267,0.9645,-0.1754,0.30577,1.0219,-0.16815,-0.04599,0.057246,-0.05249,0.094887,0.054466,-0.050776,-0.10038,-0.30112,-0.034276,0.12384,-0.30825,-0.007145,-0.11008,-0.6491,-0.009247,0.13343,-0.65425,-0.009586
136,0.041902,0.74247,-0.094452,-0.1157,0.56886,-0.071786,-0.21372,0.77045,-0.12698,0.18444,0.56037,-0.067808,0.27011,0.79814,-0.12352,-0.26706,0.9645,-0.17415,0.30633,1.0223,-0.16688,-0.046134,0.056745,-0.053265,0.094703,0.054037,-0.051699,-0.1005,-0.30131,-0.033982,0.12384,-0.30825,-0.007007,-0.1102,-0.6491,-0.008827,0.13341,-0.65444,-0.009359
137,0.041768,0.74245,-0.094254,-0.11576,0.56893,-0.071659,-0.21368,0.77026,-0.12623,0.18446,0.56039,-0.067817,0.2704,0.79805,-0.12278,-0.267,0.9645,-0.17319,0.30682,1.0228,-0.16574,-0.046262,0.056296,-0.054027,0.094557,0.053697,-0.052439,-0.10058,-0.3015,-0.033686,0.12383,-0.30828,-0.006956,-0.11031,-0.6491,-0.008438,0.13338,-0.65462,-0.009304
138,0.041647,0.74245,-0.094038,-0.11582,0.569,-0.071534,-0.21371,0.77008,-0.12562,0.18448,0.56041,-0.067833,0.27065,0.79799,-0.12212,-0.26702,0.96467,-0.1725,0.30726,1.0232,-0.16477,-0.046337,0.055892,-0.054747,0.094466,0.053397,-0.053104,-0.10062,-0.30169,-0.033466,0.12383,-0.30841,-0.006956,-0.11036,-0.64927,-0.008023,0.13337,-0.65481,-0.009287
139,0.041587,0.74245,-0.093852,-0.11586,0.56905,-0.071407,-0.21368,0.77002,-0.1252,0.1845,0.56042,-0.067854,0.27086,0.79795,-0.12161,-0.26705,0.96483,-0.17204,0.30763,1.0236,-0.16382,-0.046334,0.055496,-0.055337,0.094458,0.053102,-0.053633,-0.10064,-0.30187,-0.033297,0.12383,-0.30849,-0.006956,-0.1104,-0.64942,-0.007622,0.13334,-0.65506,-0.009272
140,0.041576,0.74245,-0.09368,-0.11588,0.56912,-0.071301,-0.21365,0.77034,-0.125,0.18452,0.56044,-0.067878,0.27104,0.79794,-0.12118,-0.2671,0.965,-0.17167,0.30796,1.0241,-0.1629,-0.046314,0.055195,-0.055811,0.09448,0.052886,-0.054139,-0.10064,-0.3021,-0.033129,0.12387,-0.30854,-0.006954,-0.11045,-0.64963,-0.007295,0.13333,-0.65527,-0.009273
141,0.041571,0.74246,-0.093542,-0.11588,0.56914,-0.071257,-0.2136,0.77077,-0.125,0.18456,0.56046,-0.067902,0.2712,0.79795,-0.12081,-0.26711,0.96527,-0.17142,0.30827,1.0244,-0.16217,-0.046298,0.054894,-0.056197,0.0945,0.052667,-0.054614,-0.10065,-0.30235,-0.032971,0.12399,-0.30851,-0.007125,-0.11049,-0.64987,-0.007097,0.13333,-0.65545,-0.009273
142,0.041571,0.7425,-0.093542,-0.11588,0.56916,-0.071257,-0.2135,0.77109,-0.12499,0.18462,0.56047,-0.067935,0.27138,0.79796,-0.12058,-0.26693,0.96538,-0.17125,0.30847,1.0246,-0.16178,-0.046283,0.054659,-0.056532,0.094519,0.052543,-0.055047,-0.10065,-0.30268,-0.032924,0.12413,-0.30833,-0.007335,-0.11053,-0.65015,-0.007025,0.13333,-0.65567,-0.009273
143,0.041571,0.74251,-0.093542,-0.11588,0.5692,-0.071257,-0.2134,0.77147,-0.12499,0.18469,0.56047,-0.067988,0.27159,0.79798,-0.12045,-0.26678,0.96551,-0.17123,0.30868,1.0247,-0.16154,-0.046254,0.054512,-0.056798,0.0946,0.052462,-0.055513,-0.10061,-0.30306,-0.032912,0.12431,-0.30813,-0.007659,-0.11056,-0.65045,-0.006992,0.13333,-0.65588,-0.009338
144,0.041651,0.74251,-0.093539,-0.1158,0.56922,-0.071253,-0.21326,0.77184,-0.125,0.18479,0.56046,-0.068064,0.27183,0.79802,-0.12044,-0.26664,0.96565,-0.17123,0.30895,1.0248,-0.16147,-0.04612,0.054476,-0.057127,0.094808,0.052462,-0.056023,-0.10055,-0.30339,-0.03291,0.12453,-0.30794,-0.008059,-0.11064,-0.6509,-0.006954,0.13333,-0.65603,-0.009415
145,0.042158,0.74251,-0.093624,-0.11548,0.56922,-0.071377,-0.21264,0.77197,-0.12536,0.18543,0.56044,-0.068373,0.2724,0.79809,-0.12042,-0.26641,0.96577,-0.17122,0.30956,1.0248,-0.16144,-0.045613,0.054372,-0.057847,0.095351,0.052462,-0.05683,-0.10036,-0.30379,-0.032902,0.125,-0.30774,-0.009005,-0.11075,-0.65137,-0.006927,0.13334,-0.65615,-0.009614
146,0.042971,0.74257,-0.093899,-0.11488,0.56922,-0.071579,-0.21186,0.77254,-0.12616,0.18649,0.56044,-0.068815,0.27332,0.79826,-0.12038,-0.26608,0.96632,-0.1712,0.31044,1.0248,-0.16141,-0.044876,0.054244,-0.058592,0.096109,0.052423,-0.057656,-0.10006,-0.30424,-0.032889,0.12554,-0.30763,-0.010195,-0.11086,-0.65192,-0.006931,0.13338,-0.65626,-0.009846
147,0.044222,0.74257,-0.094543,-0.11389,0.56922,-0.072024,-0.2108,0.77238,-0.12721,0.18798,0.56039,-0.069473,0.27474,0.79843,-0.12043,-0.26542,0.96632,-0.17149,0.31183,1.0248,-0.16135,-0.043749,0.054138,-0.059608,0.097229,0.052344,-0.058651,-0.099556,-0.30481,-0.032959,0.12638,-0.30768,-0.01174,-0.11091,-0.65251,-0.006934,0.13343,-0.65641,-0.010109
148,0.045996,0.74253,-0.095627,-0.11251,0.56917,-0.072711,-0.20929,0.77226,-0.12854,0.18998,0.56022,-0.070431,0.2767,0.79836,-0.12067,-0.26408,0.96628,-0.17214,0.31367,1.0246,-0.16153,-0.042124,0.054035,-0.060853,0.098879,0.052238,-0.059871,-0.098807,-0.30543,-0.03315,0.12748,-0.30781,-0.013635,-0.11091,-0.6531,-0.006934,0.13353,-0.65654,-0.010384
149,0.048359,0.74249,-0.097052,-0.10989,0.56824,-0.074208,-0.2071,0.77217,-0.13036,0.19252,0.55995,-0.071571,0.27955,0.79833,-0.12116,-0.26215,0.96612,-0.17307,0.31617,1.0243,-0.16193,-0.039867,0.05392,-0.062346,0.10107,0.052145,-0.061208,-0.097708,-0.30605,-0.033596,0.12896,-0.308,-0.016173,-0.1109,-0.65366,-0.006946,0.13366,-0.65668,-0.01064
150,0.051469,0.74238,-0.09882,-0.10665,0.56728,-0.076038,-0.20385,0.77206,-0.13265,0.19563,0.55962,-0.073074,0.28328,0.79833,-0.12192,-0.25885,0.96576,-0.17475,0.31961,1.0238,-0.16272,-0.037143,0.053625,-0.064145,0.10394,0.051952,-0.063013,-0.09624,-0.30672,-0.03434,0.13084,-0.30818,-0.019179,-0.11089,-0.65415,-0.007156,0.13388,-0.65679,-0.011029
151,0.056772,0.74205,-0.10152,-0.10132,0.56522,-0.079164,-0.1994,0.77176,-0.13649,0.2015,0.55921,-0.074962,0.28981,0.79812,-0.12262,-0.2534,0.96523,-0.17936,0.32738,1.0198,-0.16473,-0.032522,0.052585,-0.067029,0.10849,0.051187,-0.065648,-0.093703,-0.30781,-0.035926,0.13379,-0.30889,-0.023887,-0.11075,-0.65423,-0.007705,0.13439,-0.65717,-0.011873
152,0.066867,0.74062,-0.10552,-0.090753,0.56085,-0.08547,-0.19249,0.7685,-0.14551,0.21196,0.5583,-0.076914,0.30458,0.79173,-0.12304,-0.24309,0.96229,-0.19086,0.33994,1.0121,-0.1687,-0.023349,0.050181,-0.072535,0.11722,0.0489,-0.070159,-0.08544,-0.31244,-0.044696,0.13992,-0.31212,-0.031304,-0.10905,-0.6547,-0.01008,0.13543,-0.65797,-0.013495
